delta,transformedValue,naturalValue,delta2,transformedValue2,naturalValue2,loss
-0.5,-0.22833744,-0.22833744,-0.47,-0.1787464,-0.1787464,4.621096
-0.5,-0.22833744,-0.22833744,-0.4553125,-0.1640589,-0.1640589,4.621096
-0.5,-0.22833744,-0.22833744,-0.440625,-0.14937142,-0.14937142,4.621096
-0.5,-0.22833744,-0.22833744,-0.4259375,-0.1346839,-0.1346839,4.621096
-0.5,-0.22833744,-0.22833744,-0.41125,-0.1199964,-0.1199964,4.621096
-0.5,-0.22833744,-0.22833744,-0.39656252,-0.10530892,-0.10530892,4.621096
-0.5,-0.22833744,-0.22833744,-0.381875,-0.09062141,-0.09062141,4.621096
-0.5,-0.22833744,-0.22833744,-0.3671875,-0.0759339,-0.0759339,4.621096
-0.5,-0.22833744,-0.22833744,-0.3525,-0.061246395,-0.061246395,4.621096
-0.5,-0.22833744,-0.22833744,-0.33781248,-0.046558887,-0.046558887,4.621096
-0.5,-0.22833744,-0.22833744,-0.323125,-0.03187141,-0.03187141,4.621096
-0.5,-0.22833744,-0.22833744,-0.3084375,-0.0171839,-0.0171839,4.621096
-0.5,-0.22833744,-0.22833744,-0.29375,-0.0024963915,-0.0024963915,4.621096
-0.5,-0.22833744,-0.22833744,-0.2790625,0.012191087,0.012191087,4.602506
-0.5,-0.22833744,-0.22833744,-0.264375,0.026878595,0.026878595,4.625068
-0.5,-0.22833744,-0.22833744,-0.2496875,0.041566104,0.041566104,4.6173577
-0.5,-0.22833744,-0.22833744,-0.235,0.056253597,0.056253597,4.7028794
-0.5,-0.22833744,-0.22833744,-0.2203125,0.07094109,0.07094109,4.6662583
-0.5,-0.22833744,-0.22833744,-0.205625,0.0856286,0.0856286,4.7319336
-0.5,-0.22833744,-0.22833744,-0.19093749,0.10031611,0.10031611,4.7991834
-0.5,-0.22833744,-0.22833744,-0.17625001,0.115003586,0.115003586,4.9377127
-0.5,-0.22833744,-0.22833744,-0.1615625,0.1296911,0.1296911,5.040511
-0.5,-0.22833744,-0.22833744,-0.146875,0.1443786,0.1443786,5.126952
-0.5,-0.22833744,-0.22833744,-0.13218749,0.15906611,0.15906611,5.228808
-0.5,-0.22833744,-0.22833744,-0.11750001,0.17375359,0.17375359,5.370989
-0.5,-0.22833744,-0.22833744,-0.1028125,0.1884411,0.1884411,5.463573
-0.5,-0.22833744,-0.22833744,-0.08812499,0.2031286,0.2031286,5.583954
-0.5,-0.22833744,-0.22833744,-0.07343751,0.21781608,0.21781608,5.712433
-0.5,-0.22833744,-0.22833744,-0.058750004,0.2325036,0.2325036,5.810097
-0.5,-0.22833744,-0.22833744,-0.044062495,0.2471911,0.2471911,5.9299107
-0.5,-0.22833744,-0.22833744,-0.029374987,0.2618786,0.2618786,5.7766185
-0.5,-0.22833744,-0.22833744,-0.014687508,0.2765661,0.2765661,6.0843725
-0.5,-0.22833744,-0.22833744,0.0,0.2912536,0.2912536,6.310537
-0.5,-0.22833744,-0.22833744,0.014687508,0.3059411,0.3059411,6.456974
-0.5,-0.22833744,-0.22833744,0.029374987,0.32062858,0.32062858,6.5352006
-0.5,-0.22833744,-0.22833744,0.044062525,0.33531612,0.33531612,6.680072
-0.5,-0.22833744,-0.22833744,0.058750004,0.3500036,0.3500036,6.7568364
-0.5,-0.22833744,-0.22833744,0.07343748,0.36469108,0.36469108,6.8655505
-0.5,-0.22833744,-0.22833744,0.08812502,0.37937862,0.37937862,6.8588276
-0.5,-0.22833744,-0.22833744,0.1028125,0.3940661,0.3940661,6.893735
-0.5,-0.22833744,-0.22833744,0.11749998,0.40875357,0.40875357,6.9393487
-0.5,-0.22833744,-0.22833744,0.13218752,0.4234411,0.4234411,6.897437
-0.5,-0.22833744,-0.22833744,0.146875,0.4381286,0.4381286,7.0090613
-0.5,-0.22833744,-0.22833744,0.16156247,0.45281607,0.45281607,6.9764194
-0.5,-0.22833744,-0.22833744,0.17625001,0.4675036,0.4675036,7.0114794
-0.5,-0.22833744,-0.22833744,0.19093749,0.4821911,0.4821911,7.038177
-0.5,-0.22833744,-0.22833744,0.20562503,0.49687862,0.49687862,6.9974647
-0.5,-0.22833744,-0.22833744,0.2203125,0.5115661,0.5115661,7.0460925
-0.5,-0.22833744,-0.22833744,0.23499998,0.5262536,0.5262536,6.991696
-0.5,-0.22833744,-0.22833744,0.24968752,0.5409411,0.5409411,7.043194
-0.5,-0.22833744,-0.22833744,0.264375,0.5556286,0.5556286,6.957854
-0.5,-0.22833744,-0.22833744,0.27906248,0.5703161,0.5703161,6.9852834
-0.5,-0.22833744,-0.22833744,0.29375002,0.5850036,0.5850036,6.915688
-0.5,-0.22833744,-0.22833744,0.3084375,0.5996911,0.5996911,6.898656
-0.5,-0.22833744,-0.22833744,0.32312497,0.6143786,0.6143786,6.887775
-0.5,-0.22833744,-0.22833744,0.3378125,0.6290661,0.6290661,6.823401
-0.5,-0.22833744,-0.22833744,0.3525,0.6437536,0.6437536,6.7891083
-0.5,-0.22833744,-0.22833744,0.36718747,0.65844107,0.65844107,6.770796
-0.5,-0.22833744,-0.22833744,0.381875,0.6731286,0.6731286,6.7417994
-0.5,-0.22833744,-0.22833744,0.3965625,0.6878161,0.6878161,6.6959023
-0.5,-0.22833744,-0.22833744,0.41125003,0.7025036,0.7025036,6.625665
-0.5,-0.22833744,-0.22833744,0.4259375,0.7171911,0.7171911,6.5245547
-0.5,-0.22833744,-0.22833744,0.44062498,0.7318786,0.7318786,6.4497247
-0.5,-0.22833744,-0.22833744,0.45531252,0.7465661,0.7465661,6.363877
-0.5,-0.22833744,-0.22833744,0.47,0.7612536,0.7612536,6.206185
-0.4375,-0.16583744,-0.16583744,-0.47,-0.1787464,-0.1787464,4.2103524
-0.4375,-0.16583744,-0.16583744,-0.4553125,-0.1640589,-0.1640589,4.2103524
-0.4375,-0.16583744,-0.16583744,-0.440625,-0.14937142,-0.14937142,4.2103524
-0.4375,-0.16583744,-0.16583744,-0.4259375,-0.1346839,-0.1346839,4.2103524
-0.4375,-0.16583744,-0.16583744,-0.41125,-0.1199964,-0.1199964,4.2103524
-0.4375,-0.16583744,-0.16583744,-0.39656252,-0.10530892,-0.10530892,4.2103524
-0.4375,-0.16583744,-0.16583744,-0.381875,-0.09062141,-0.09062141,4.2103524
-0.4375,-0.16583744,-0.16583744,-0.3671875,-0.0759339,-0.0759339,4.2103524
-0.4375,-0.16583744,-0.16583744,-0.3525,-0.061246395,-0.061246395,4.2103524
-0.4375,-0.16583744,-0.16583744,-0.33781248,-0.046558887,-0.046558887,4.2103524
-0.4375,-0.16583744,-0.16583744,-0.323125,-0.03187141,-0.03187141,4.2103524
-0.4375,-0.16583744,-0.16583744,-0.3084375,-0.0171839,-0.0171839,4.2103524
-0.4375,-0.16583744,-0.16583744,-0.29375,-0.0024963915,-0.0024963915,4.2103524
-0.4375,-0.16583744,-0.16583744,-0.2790625,0.012191087,0.012191087,4.222725
-0.4375,-0.16583744,-0.16583744,-0.264375,0.026878595,0.026878595,4.300741
-0.4375,-0.16583744,-0.16583744,-0.2496875,0.041566104,0.041566104,4.326419
-0.4375,-0.16583744,-0.16583744,-0.235,0.056253597,0.056253597,4.3883934
-0.4375,-0.16583744,-0.16583744,-0.2203125,0.07094109,0.07094109,4.4163046
-0.4375,-0.16583744,-0.16583744,-0.205625,0.0856286,0.0856286,4.4488726
-0.4375,-0.16583744,-0.16583744,-0.19093749,0.10031611,0.10031611,4.518213
-0.4375,-0.16583744,-0.16583744,-0.17625001,0.115003586,0.115003586,4.5787363
-0.4375,-0.16583744,-0.16583744,-0.1615625,0.1296911,0.1296911,4.6102095
-0.4375,-0.16583744,-0.16583744,-0.146875,0.1443786,0.1443786,4.687453
-0.4375,-0.16583744,-0.16583744,-0.13218749,0.15906611,0.15906611,4.775948
-0.4375,-0.16583744,-0.16583744,-0.11750001,0.17375359,0.17375359,4.8671317
-0.4375,-0.16583744,-0.16583744,-0.1028125,0.1884411,0.1884411,4.9932065
-0.4375,-0.16583744,-0.16583744,-0.08812499,0.2031286,0.2031286,4.8919315
-0.4375,-0.16583744,-0.16583744,-0.07343751,0.21781608,0.21781608,4.987194
-0.4375,-0.16583744,-0.16583744,-0.058750004,0.2325036,0.2325036,5.1841
-0.4375,-0.16583744,-0.16583744,-0.044062495,0.2471911,0.2471911,5.3230224
-0.4375,-0.16583744,-0.16583744,-0.029374987,0.2618786,0.2618786,5.3780823
-0.4375,-0.16583744,-0.16583744,-0.014687508,0.2765661,0.2765661,5.482468
-0.4375,-0.16583744,-0.16583744,0.0,0.2912536,0.2912536,5.5811954
-0.4375,-0.16583744,-0.16583744,0.014687508,0.3059411,0.3059411,5.640221
-0.4375,-0.16583744,-0.16583744,0.029374987,0.32062858,0.32062858,5.753665
-0.4375,-0.16583744,-0.16583744,0.044062525,0.33531612,0.33531612,5.8517885
-0.4375,-0.16583744,-0.16583744,0.058750004,0.3500036,0.3500036,5.8992496
-0.4375,-0.16583744,-0.16583744,0.07343748,0.36469108,0.36469108,5.994421
-0.4375,-0.16583744,-0.16583744,0.08812502,0.37937862,0.37937862,5.9789734
-0.4375,-0.16583744,-0.16583744,0.1028125,0.3940661,0.3940661,6.0581346
-0.4375,-0.16583744,-0.16583744,0.11749998,0.40875357,0.40875357,6.079059
-0.4375,-0.16583744,-0.16583744,0.13218752,0.4234411,0.4234411,6.1116233
-0.4375,-0.16583744,-0.16583744,0.146875,0.4381286,0.4381286,6.0915976
-0.4375,-0.16583744,-0.16583744,0.16156247,0.45281607,0.45281607,6.142544
-0.4375,-0.16583744,-0.16583744,0.17625001,0.4675036,0.4675036,6.176086
-0.4375,-0.16583744,-0.16583744,0.19093749,0.4821911,0.4821911,6.165404
-0.4375,-0.16583744,-0.16583744,0.20562503,0.49687862,0.49687862,6.179645
-0.4375,-0.16583744,-0.16583744,0.2203125,0.5115661,0.5115661,6.141363
-0.4375,-0.16583744,-0.16583744,0.23499998,0.5262536,0.5262536,6.177936
-0.4375,-0.16583744,-0.16583744,0.24968752,0.5409411,0.5409411,6.162436
-0.4375,-0.16583744,-0.16583744,0.264375,0.5556286,0.5556286,6.1612353
-0.4375,-0.16583744,-0.16583744,0.27906248,0.5703161,0.5703161,6.115576
-0.4375,-0.16583744,-0.16583744,0.29375002,0.5850036,0.5850036,6.0449286
-0.4375,-0.16583744,-0.16583744,0.3084375,0.5996911,0.5996911,6.0374393
-0.4375,-0.16583744,-0.16583744,0.32312497,0.6143786,0.6143786,6.015409
-0.4375,-0.16583744,-0.16583744,0.3378125,0.6290661,0.6290661,6.0077667
-0.4375,-0.16583744,-0.16583744,0.3525,0.6437536,0.6437536,5.969653
-0.4375,-0.16583744,-0.16583744,0.36718747,0.65844107,0.65844107,5.91714
-0.4375,-0.16583744,-0.16583744,0.381875,0.6731286,0.6731286,5.896354
-0.4375,-0.16583744,-0.16583744,0.3965625,0.6878161,0.6878161,5.8690314
-0.4375,-0.16583744,-0.16583744,0.41125003,0.7025036,0.7025036,5.7864103
-0.4375,-0.16583744,-0.16583744,0.4259375,0.7171911,0.7171911,5.7493014
-0.4375,-0.16583744,-0.16583744,0.44062498,0.7318786,0.7318786,5.6643047
-0.4375,-0.16583744,-0.16583744,0.45531252,0.7465661,0.7465661,5.6009755
-0.4375,-0.16583744,-0.16583744,0.47,0.7612536,0.7612536,5.5136228
-0.375,-0.10333744,-0.10333744,-0.47,-0.1787464,-0.1787464,3.9933968
-0.375,-0.10333744,-0.10333744,-0.4553125,-0.1640589,-0.1640589,3.9933968
-0.375,-0.10333744,-0.10333744,-0.440625,-0.14937142,-0.14937142,3.9933968
-0.375,-0.10333744,-0.10333744,-0.4259375,-0.1346839,-0.1346839,3.9933968
-0.375,-0.10333744,-0.10333744,-0.41125,-0.1199964,-0.1199964,3.9933968
-0.375,-0.10333744,-0.10333744,-0.39656252,-0.10530892,-0.10530892,3.9933968
-0.375,-0.10333744,-0.10333744,-0.381875,-0.09062141,-0.09062141,3.9933968
-0.375,-0.10333744,-0.10333744,-0.3671875,-0.0759339,-0.0759339,3.9933968
-0.375,-0.10333744,-0.10333744,-0.3525,-0.061246395,-0.061246395,3.9933968
-0.375,-0.10333744,-0.10333744,-0.33781248,-0.046558887,-0.046558887,3.9933968
-0.375,-0.10333744,-0.10333744,-0.323125,-0.03187141,-0.03187141,3.9933968
-0.375,-0.10333744,-0.10333744,-0.3084375,-0.0171839,-0.0171839,3.9933968
-0.375,-0.10333744,-0.10333744,-0.29375,-0.0024963915,-0.0024963915,3.9933968
-0.375,-0.10333744,-0.10333744,-0.2790625,0.012191087,0.012191087,3.9864523
-0.375,-0.10333744,-0.10333744,-0.264375,0.026878595,0.026878595,4.029385
-0.375,-0.10333744,-0.10333744,-0.2496875,0.041566104,0.041566104,4.082153
-0.375,-0.10333744,-0.10333744,-0.235,0.056253597,0.056253597,4.1007586
-0.375,-0.10333744,-0.10333744,-0.2203125,0.07094109,0.07094109,4.1203895
-0.375,-0.10333744,-0.10333744,-0.205625,0.0856286,0.0856286,4.182604
-0.375,-0.10333744,-0.10333744,-0.19093749,0.10031611,0.10031611,4.22564
-0.375,-0.10333744,-0.10333744,-0.17625001,0.115003586,0.115003586,4.2213545
-0.375,-0.10333744,-0.10333744,-0.1615625,0.1296911,0.1296911,4.226041
-0.375,-0.10333744,-0.10333744,-0.146875,0.1443786,0.1443786,4.2218337
-0.375,-0.10333744,-0.10333744,-0.13218749,0.15906611,0.15906611,4.3374267
-0.375,-0.10333744,-0.10333744,-0.11750001,0.17375359,0.17375359,4.327191
-0.375,-0.10333744,-0.10333744,-0.1028125,0.1884411,0.1884411,4.400098
-0.375,-0.10333744,-0.10333744,-0.08812499,0.2031286,0.2031286,4.456525
-0.375,-0.10333744,-0.10333744,-0.07343751,0.21781608,0.21781608,4.4781885
-0.375,-0.10333744,-0.10333744,-0.058750004,0.2325036,0.2325036,4.536611
-0.375,-0.10333744,-0.10333744,-0.044062495,0.2471911,0.2471911,4.615973
-0.375,-0.10333744,-0.10333744,-0.029374987,0.2618786,0.2618786,4.707475
-0.375,-0.10333744,-0.10333744,-0.014687508,0.2765661,0.2765661,4.7904973
-0.375,-0.10333744,-0.10333744,0.0,0.2912536,0.2912536,4.842576
-0.375,-0.10333744,-0.10333744,0.014687508,0.3059411,0.3059411,4.917382
-0.375,-0.10333744,-0.10333744,0.029374987,0.32062858,0.32062858,4.974713
-0.375,-0.10333744,-0.10333744,0.044062525,0.33531612,0.33531612,4.979657
-0.375,-0.10333744,-0.10333744,0.058750004,0.3500036,0.3500036,5.0509315
-0.375,-0.10333744,-0.10333744,0.07343748,0.36469108,0.36469108,5.1180606
-0.375,-0.10333744,-0.10333744,0.08812502,0.37937862,0.37937862,5.1339417
-0.375,-0.10333744,-0.10333744,0.1028125,0.3940661,0.3940661,5.126319
-0.375,-0.10333744,-0.10333744,0.11749998,0.40875357,0.40875357,5.1869884
-0.375,-0.10333744,-0.10333744,0.13218752,0.4234411,0.4234411,5.189204
-0.375,-0.10333744,-0.10333744,0.146875,0.4381286,0.4381286,5.1824613
-0.375,-0.10333744,-0.10333744,0.16156247,0.45281607,0.45281607,5.2274604
-0.375,-0.10333744,-0.10333744,0.17625001,0.4675036,0.4675036,5.228547
-0.375,-0.10333744,-0.10333744,0.19093749,0.4821911,0.4821911,5.2081947
-0.375,-0.10333744,-0.10333744,0.20562503,0.49687862,0.49687862,5.2585664
-0.375,-0.10333744,-0.10333744,0.2203125,0.5115661,0.5115661,5.21269
-0.375,-0.10333744,-0.10333744,0.23499998,0.5262536,0.5262536,5.227877
-0.375,-0.10333744,-0.10333744,0.24968752,0.5409411,0.5409411,5.231009
-0.375,-0.10333744,-0.10333744,0.264375,0.5556286,0.5556286,5.187974
-0.375,-0.10333744,-0.10333744,0.27906248,0.5703161,0.5703161,5.172056
-0.375,-0.10333744,-0.10333744,0.29375002,0.5850036,0.5850036,5.1052957
-0.375,-0.10333744,-0.10333744,0.3084375,0.5996911,0.5996911,5.1245584
-0.375,-0.10333744,-0.10333744,0.32312497,0.6143786,0.6143786,5.082313
-0.375,-0.10333744,-0.10333744,0.3378125,0.6290661,0.6290661,5.0647407
-0.375,-0.10333744,-0.10333744,0.3525,0.6437536,0.6437536,5.0427475
-0.375,-0.10333744,-0.10333744,0.36718747,0.65844107,0.65844107,5.0186205
-0.375,-0.10333744,-0.10333744,0.381875,0.6731286,0.6731286,5.0069265
-0.375,-0.10333744,-0.10333744,0.3965625,0.6878161,0.6878161,4.986817
-0.375,-0.10333744,-0.10333744,0.41125003,0.7025036,0.7025036,4.9363713
-0.375,-0.10333744,-0.10333744,0.4259375,0.7171911,0.7171911,4.932455
-0.375,-0.10333744,-0.10333744,0.44062498,0.7318786,0.7318786,4.8563046
-0.375,-0.10333744,-0.10333744,0.45531252,0.7465661,0.7465661,4.8530293
-0.375,-0.10333744,-0.10333744,0.47,0.7612536,0.7612536,4.84074
-0.3125,-0.040837437,-0.040837437,-0.47,-0.1787464,-0.1787464,3.6724465
-0.3125,-0.040837437,-0.040837437,-0.4553125,-0.1640589,-0.1640589,3.6724465
-0.3125,-0.040837437,-0.040837437,-0.440625,-0.14937142,-0.14937142,3.6724465
-0.3125,-0.040837437,-0.040837437,-0.4259375,-0.1346839,-0.1346839,3.6724465
-0.3125,-0.040837437,-0.040837437,-0.41125,-0.1199964,-0.1199964,3.6724465
-0.3125,-0.040837437,-0.040837437,-0.39656252,-0.10530892,-0.10530892,3.6724465
-0.3125,-0.040837437,-0.040837437,-0.381875,-0.09062141,-0.09062141,3.6724465
-0.3125,-0.040837437,-0.040837437,-0.3671875,-0.0759339,-0.0759339,3.6724465
-0.3125,-0.040837437,-0.040837437,-0.3525,-0.061246395,-0.061246395,3.6724465
-0.3125,-0.040837437,-0.040837437,-0.33781248,-0.046558887,-0.046558887,3.6724465
-0.3125,-0.040837437,-0.040837437,-0.323125,-0.03187141,-0.03187141,3.6724465
-0.3125,-0.040837437,-0.040837437,-0.3084375,-0.0171839,-0.0171839,3.6724465
-0.3125,-0.040837437,-0.040837437,-0.29375,-0.0024963915,-0.0024963915,3.6724465
-0.3125,-0.040837437,-0.040837437,-0.2790625,0.012191087,0.012191087,3.6762543
-0.3125,-0.040837437,-0.040837437,-0.264375,0.026878595,0.026878595,3.7256515
-0.3125,-0.040837437,-0.040837437,-0.2496875,0.041566104,0.041566104,3.7446933
-0.3125,-0.040837437,-0.040837437,-0.235,0.056253597,0.056253597,3.7467725
-0.3125,-0.040837437,-0.040837437,-0.2203125,0.07094109,0.07094109,3.7604465
-0.3125,-0.040837437,-0.040837437,-0.205625,0.0856286,0.0856286,3.7813504
-0.3125,-0.040837437,-0.040837437,-0.19093749,0.10031611,0.10031611,3.7763684
-0.3125,-0.040837437,-0.040837437,-0.17625001,0.115003586,0.115003586,3.780626
-0.3125,-0.040837437,-0.040837437,-0.1615625,0.1296911,0.1296911,3.8205895
-0.3125,-0.040837437,-0.040837437,-0.146875,0.1443786,0.1443786,3.8515055
-0.3125,-0.040837437,-0.040837437,-0.13218749,0.15906611,0.15906611,3.8618934
-0.3125,-0.040837437,-0.040837437,-0.11750001,0.17375359,0.17375359,3.8690207
-0.3125,-0.040837437,-0.040837437,-0.1028125,0.1884411,0.1884411,3.8921149
-0.3125,-0.040837437,-0.040837437,-0.08812499,0.2031286,0.2031286,3.9282699
-0.3125,-0.040837437,-0.040837437,-0.07343751,0.21781608,0.21781608,3.959026
-0.3125,-0.040837437,-0.040837437,-0.058750004,0.2325036,0.2325036,3.9821591
-0.3125,-0.040837437,-0.040837437,-0.044062495,0.2471911,0.2471911,3.99788
-0.3125,-0.040837437,-0.040837437,-0.029374987,0.2618786,0.2618786,4.0129466
-0.3125,-0.040837437,-0.040837437,-0.014687508,0.2765661,0.2765661,4.0290914
-0.3125,-0.040837437,-0.040837437,0.0,0.2912536,0.2912536,4.053035
-0.3125,-0.040837437,-0.040837437,0.014687508,0.3059411,0.3059411,4.0872526
-0.3125,-0.040837437,-0.040837437,0.029374987,0.32062858,0.32062858,4.1257153
-0.3125,-0.040837437,-0.040837437,0.044062525,0.33531612,0.33531612,4.1582475
-0.3125,-0.040837437,-0.040837437,0.058750004,0.3500036,0.3500036,4.17471
-0.3125,-0.040837437,-0.040837437,0.07343748,0.36469108,0.36469108,4.1752005
-0.3125,-0.040837437,-0.040837437,0.08812502,0.37937862,0.37937862,4.1584263
-0.3125,-0.040837437,-0.040837437,0.1028125,0.3940661,0.3940661,4.1749525
-0.3125,-0.040837437,-0.040837437,0.11749998,0.40875357,0.40875357,4.2047067
-0.3125,-0.040837437,-0.040837437,0.13218752,0.4234411,0.4234411,4.216921
-0.3125,-0.040837437,-0.040837437,0.146875,0.4381286,0.4381286,4.219016
-0.3125,-0.040837437,-0.040837437,0.16156247,0.45281607,0.45281607,4.212318
-0.3125,-0.040837437,-0.040837437,0.17625001,0.4675036,0.4675036,4.2251816
-0.3125,-0.040837437,-0.040837437,0.19093749,0.4821911,0.4821911,4.213853
-0.3125,-0.040837437,-0.040837437,0.20562503,0.49687862,0.49687862,4.203831
-0.3125,-0.040837437,-0.040837437,0.2203125,0.5115661,0.5115661,4.217438
-0.3125,-0.040837437,-0.040837437,0.23499998,0.5262536,0.5262536,4.2276363
-0.3125,-0.040837437,-0.040837437,0.24968752,0.5409411,0.5409411,4.2084618
-0.3125,-0.040837437,-0.040837437,0.264375,0.5556286,0.5556286,4.1757236
-0.3125,-0.040837437,-0.040837437,0.27906248,0.5703161,0.5703161,4.171617
-0.3125,-0.040837437,-0.040837437,0.29375002,0.5850036,0.5850036,4.158609
-0.3125,-0.040837437,-0.040837437,0.3084375,0.5996911,0.5996911,4.1279325
-0.3125,-0.040837437,-0.040837437,0.32312497,0.6143786,0.6143786,4.0983477
-0.3125,-0.040837437,-0.040837437,0.3378125,0.6290661,0.6290661,4.0932684
-0.3125,-0.040837437,-0.040837437,0.3525,0.6437536,0.6437536,4.0811777
-0.3125,-0.040837437,-0.040837437,0.36718747,0.65844107,0.65844107,4.053493
-0.3125,-0.040837437,-0.040837437,0.381875,0.6731286,0.6731286,4.021904
-0.3125,-0.040837437,-0.040837437,0.3965625,0.6878161,0.6878161,4.0119843
-0.3125,-0.040837437,-0.040837437,0.41125003,0.7025036,0.7025036,4.0066667
-0.3125,-0.040837437,-0.040837437,0.4259375,0.7171911,0.7171911,3.9947362
-0.3125,-0.040837437,-0.040837437,0.44062498,0.7318786,0.7318786,3.9788308
-0.3125,-0.040837437,-0.040837437,0.45531252,0.7465661,0.7465661,3.9587376
-0.3125,-0.040837437,-0.040837437,0.47,0.7612536,0.7612536,3.9389951
-0.25,0.021662563,0.021662563,-0.47,-0.1787464,-0.1787464,3.3560345
-0.25,0.021662563,0.021662563,-0.4553125,-0.1640589,-0.1640589,3.3560345
-0.25,0.021662563,0.021662563,-0.440625,-0.14937142,-0.14937142,3.3560345
-0.25,0.021662563,0.021662563,-0.4259375,-0.1346839,-0.1346839,3.3560345
-0.25,0.021662563,0.021662563,-0.41125,-0.1199964,-0.1199964,3.3560345
-0.25,0.021662563,0.021662563,-0.39656252,-0.10530892,-0.10530892,3.3560345
-0.25,0.021662563,0.021662563,-0.381875,-0.09062141,-0.09062141,3.3560345
-0.25,0.021662563,0.021662563,-0.3671875,-0.0759339,-0.0759339,3.3560345
-0.25,0.021662563,0.021662563,-0.3525,-0.061246395,-0.061246395,3.3560345
-0.25,0.021662563,0.021662563,-0.33781248,-0.046558887,-0.046558887,3.3560345
-0.25,0.021662563,0.021662563,-0.323125,-0.03187141,-0.03187141,3.3560345
-0.25,0.021662563,0.021662563,-0.3084375,-0.0171839,-0.0171839,3.3560345
-0.25,0.021662563,0.021662563,-0.29375,-0.0024963915,-0.0024963915,3.3560345
-0.25,0.021662563,0.021662563,-0.2790625,0.012191087,0.012191087,3.3512669
-0.25,0.021662563,0.021662563,-0.264375,0.026878595,0.026878595,3.3163617
-0.25,0.021662563,0.021662563,-0.2496875,0.041566104,0.041566104,3.2946367
-0.25,0.021662563,0.021662563,-0.235,0.056253597,0.056253597,3.2925117
-0.25,0.021662563,0.021662563,-0.2203125,0.07094109,0.07094109,3.2914827
-0.25,0.021662563,0.021662563,-0.205625,0.0856286,0.0856286,3.2824113
-0.25,0.021662563,0.021662563,-0.19093749,0.10031611,0.10031611,3.2620807
-0.25,0.021662563,0.021662563,-0.17625001,0.115003586,0.115003586,3.239033
-0.25,0.021662563,0.021662563,-0.1615625,0.1296911,0.1296911,3.2244403
-0.25,0.021662563,0.021662563,-0.146875,0.1443786,0.1443786,3.2213652
-0.25,0.021662563,0.021662563,-0.13218749,0.15906611,0.15906611,3.2230477
-0.25,0.021662563,0.021662563,-0.11750001,0.17375359,0.17375359,3.2237537
-0.25,0.021662563,0.021662563,-0.1028125,0.1884411,0.1884411,3.2181814
-0.25,0.021662563,0.021662563,-0.08812499,0.2031286,0.2031286,3.2098496
-0.25,0.021662563,0.021662563,-0.07343751,0.21781608,0.21781608,3.1972752
-0.25,0.021662563,0.021662563,-0.058750004,0.2325036,0.2325036,3.1825657
-0.25,0.021662563,0.021662563,-0.044062495,0.2471911,0.2471911,3.1682527
-0.25,0.021662563,0.021662563,-0.029374987,0.2618786,0.2618786,3.1536617
-0.25,0.021662563,0.021662563,-0.014687508,0.2765661,0.2765661,3.139262
-0.25,0.021662563,0.021662563,0.0,0.2912536,0.2912536,3.124442
-0.25,0.021662563,0.021662563,0.014687508,0.3059411,0.3059411,3.1097698
-0.25,0.021662563,0.021662563,0.029374987,0.32062858,0.32062858,3.0967114
-0.25,0.021662563,0.021662563,0.044062525,0.33531612,0.33531612,3.0881007
-0.25,0.021662563,0.021662563,0.058750004,0.3500036,0.3500036,3.08251
-0.25,0.021662563,0.021662563,0.07343748,0.36469108,0.36469108,3.0793571
-0.25,0.021662563,0.021662563,0.08812502,0.37937862,0.37937862,3.0835617
-0.25,0.021662563,0.021662563,0.1028125,0.3940661,0.3940661,3.0921757
-0.25,0.021662563,0.021662563,0.11749998,0.40875357,0.40875357,3.0917764
-0.25,0.021662563,0.021662563,0.13218752,0.4234411,0.4234411,3.0800576
-0.25,0.021662563,0.021662563,0.146875,0.4381286,0.4381286,3.0636938
-0.25,0.021662563,0.021662563,0.16156247,0.45281607,0.45281607,3.0581512
-0.25,0.021662563,0.021662563,0.17625001,0.4675036,0.4675036,3.067715
-0.25,0.021662563,0.021662563,0.19093749,0.4821911,0.4821911,3.0839288
-0.25,0.021662563,0.021662563,0.20562503,0.49687862,0.49687862,3.0988986
-0.25,0.021662563,0.021662563,0.2203125,0.5115661,0.5115661,3.103801
-0.25,0.021662563,0.021662563,0.23499998,0.5262536,0.5262536,3.1018066
-0.25,0.021662563,0.021662563,0.24968752,0.5409411,0.5409411,3.1058486
-0.25,0.021662563,0.021662563,0.264375,0.5556286,0.5556286,3.1221318
-0.25,0.021662563,0.021662563,0.27906248,0.5703161,0.5703161,3.139725
-0.25,0.021662563,0.021662563,0.29375002,0.5850036,0.5850036,3.151646
-0.25,0.021662563,0.021662563,0.3084375,0.5996911,0.5996911,3.1524594
-0.25,0.021662563,0.021662563,0.32312497,0.6143786,0.6143786,3.1491396
-0.25,0.021662563,0.021662563,0.3378125,0.6290661,0.6290661,3.1577585
-0.25,0.021662563,0.021662563,0.3525,0.6437536,0.6437536,3.1766632
-0.25,0.021662563,0.021662563,0.36718747,0.65844107,0.65844107,3.1965888
-0.25,0.021662563,0.021662563,0.381875,0.6731286,0.6731286,3.2138548
-0.25,0.021662563,0.021662563,0.3965625,0.6878161,0.6878161,3.2250807
-0.25,0.021662563,0.021662563,0.41125003,0.7025036,0.7025036,3.2319813
-0.25,0.021662563,0.021662563,0.4259375,0.7171911,0.7171911,3.238352
-0.25,0.021662563,0.021662563,0.44062498,0.7318786,0.7318786,3.2474668
-0.25,0.021662563,0.021662563,0.45531252,0.7465661,0.7465661,3.2599704
-0.25,0.021662563,0.021662563,0.47,0.7612536,0.7612536,3.2773142
-0.1875,0.08416256,0.08416256,-0.47,-0.1787464,-0.1787464,3.1275089
-0.1875,0.08416256,0.08416256,-0.4553125,-0.1640589,-0.1640589,3.1275089
-0.1875,0.08416256,0.08416256,-0.440625,-0.14937142,-0.14937142,3.1275089
-0.1875,0.08416256,0.08416256,-0.4259375,-0.1346839,-0.1346839,3.1275089
-0.1875,0.08416256,0.08416256,-0.41125,-0.1199964,-0.1199964,3.1275089
-0.1875,0.08416256,0.08416256,-0.39656252,-0.10530892,-0.10530892,3.1275089
-0.1875,0.08416256,0.08416256,-0.381875,-0.09062141,-0.09062141,3.1275089
-0.1875,0.08416256,0.08416256,-0.3671875,-0.0759339,-0.0759339,3.1275089
-0.1875,0.08416256,0.08416256,-0.3525,-0.061246395,-0.061246395,3.1275089
-0.1875,0.08416256,0.08416256,-0.33781248,-0.046558887,-0.046558887,3.1275089
-0.1875,0.08416256,0.08416256,-0.323125,-0.03187141,-0.03187141,3.1275089
-0.1875,0.08416256,0.08416256,-0.3084375,-0.0171839,-0.0171839,3.1275089
-0.1875,0.08416256,0.08416256,-0.29375,-0.0024963915,-0.0024963915,3.1275089
-0.1875,0.08416256,0.08416256,-0.2790625,0.012191087,0.012191087,3.128399
-0.1875,0.08416256,0.08416256,-0.264375,0.026878595,0.026878595,3.120384
-0.1875,0.08416256,0.08416256,-0.2496875,0.041566104,0.041566104,3.1316075
-0.1875,0.08416256,0.08416256,-0.235,0.056253597,0.056253597,3.0955036
-0.1875,0.08416256,0.08416256,-0.2203125,0.07094109,0.07094109,3.070235
-0.1875,0.08416256,0.08416256,-0.205625,0.0856286,0.0856286,3.0909672
-0.1875,0.08416256,0.08416256,-0.19093749,0.10031611,0.10031611,3.0390189
-0.1875,0.08416256,0.08416256,-0.17625001,0.115003586,0.115003586,3.0097048
-0.1875,0.08416256,0.08416256,-0.1615625,0.1296911,0.1296911,3.0185099
-0.1875,0.08416256,0.08416256,-0.146875,0.1443786,0.1443786,2.9644568
-0.1875,0.08416256,0.08416256,-0.13218749,0.15906611,0.15906611,2.946202
-0.1875,0.08416256,0.08416256,-0.11750001,0.17375359,0.17375359,2.8611448
-0.1875,0.08416256,0.08416256,-0.1028125,0.1884411,0.1884411,2.8508313
-0.1875,0.08416256,0.08416256,-0.08812499,0.2031286,0.2031286,2.7929263
-0.1875,0.08416256,0.08416256,-0.07343751,0.21781608,0.21781608,2.766448
-0.1875,0.08416256,0.08416256,-0.058750004,0.2325036,0.2325036,2.7172134
-0.1875,0.08416256,0.08416256,-0.044062495,0.2471911,0.2471911,2.644378
-0.1875,0.08416256,0.08416256,-0.029374987,0.2618786,0.2618786,2.5871353
-0.1875,0.08416256,0.08416256,-0.014687508,0.2765661,0.2765661,2.539722
-0.1875,0.08416256,0.08416256,0.0,0.2912536,0.2912536,2.494921
-0.1875,0.08416256,0.08416256,0.014687508,0.3059411,0.3059411,2.4410698
-0.1875,0.08416256,0.08416256,0.029374987,0.32062858,0.32062858,2.3734982
-0.1875,0.08416256,0.08416256,0.044062525,0.33531612,0.33531612,2.302593
-0.1875,0.08416256,0.08416256,0.058750004,0.3500036,0.3500036,2.242956
-0.1875,0.08416256,0.08416256,0.07343748,0.36469108,0.36469108,2.1928823
-0.1875,0.08416256,0.08416256,0.08812502,0.37937862,0.37937862,2.1477656
-0.1875,0.08416256,0.08416256,0.1028125,0.3940661,0.3940661,2.1366413
-0.1875,0.08416256,0.08416256,0.11749998,0.40875357,0.40875357,2.1063423
-0.1875,0.08416256,0.08416256,0.13218752,0.4234411,0.4234411,2.0812569
-0.1875,0.08416256,0.08416256,0.146875,0.4381286,0.4381286,2.0512536
-0.1875,0.08416256,0.08416256,0.16156247,0.45281607,0.45281607,2.0150404
-0.1875,0.08416256,0.08416256,0.17625001,0.4675036,0.4675036,1.9484462
-0.1875,0.08416256,0.08416256,0.19093749,0.4821911,0.4821911,1.8959216
-0.1875,0.08416256,0.08416256,0.20562503,0.49687862,0.49687862,1.8430594
-0.1875,0.08416256,0.08416256,0.2203125,0.5115661,0.5115661,1.8364522
-0.1875,0.08416256,0.08416256,0.23499998,0.5262536,0.5262536,1.8863056
-0.1875,0.08416256,0.08416256,0.24968752,0.5409411,0.5409411,1.9564
-0.1875,0.08416256,0.08416256,0.264375,0.5556286,0.5556286,2.0217507
-0.1875,0.08416256,0.08416256,0.27906248,0.5703161,0.5703161,2.065013
-0.1875,0.08416256,0.08416256,0.29375002,0.5850036,0.5850036,2.1089528
-0.1875,0.08416256,0.08416256,0.3084375,0.5996911,0.5996911,2.1521146
-0.1875,0.08416256,0.08416256,0.32312497,0.6143786,0.6143786,2.1730862
-0.1875,0.08416256,0.08416256,0.3378125,0.6290661,0.6290661,2.178701
-0.1875,0.08416256,0.08416256,0.3525,0.6437536,0.6437536,2.2067757
-0.1875,0.08416256,0.08416256,0.36718747,0.65844107,0.65844107,2.2439218
-0.1875,0.08416256,0.08416256,0.381875,0.6731286,0.6731286,2.204575
-0.1875,0.08416256,0.08416256,0.3965625,0.6878161,0.6878161,2.2810936
-0.1875,0.08416256,0.08416256,0.41125003,0.7025036,0.7025036,2.357387
-0.1875,0.08416256,0.08416256,0.4259375,0.7171911,0.7171911,2.4203224
-0.1875,0.08416256,0.08416256,0.44062498,0.7318786,0.7318786,2.4889257
-0.1875,0.08416256,0.08416256,0.45531252,0.7465661,0.7465661,2.543552
-0.1875,0.08416256,0.08416256,0.47,0.7612536,0.7612536,2.6028368
-0.125,0.14666256,0.14666256,-0.47,-0.1787464,-0.1787464,2.822604
-0.125,0.14666256,0.14666256,-0.4553125,-0.1640589,-0.1640589,2.822604
-0.125,0.14666256,0.14666256,-0.440625,-0.14937142,-0.14937142,2.822604
-0.125,0.14666256,0.14666256,-0.4259375,-0.1346839,-0.1346839,2.822604
-0.125,0.14666256,0.14666256,-0.41125,-0.1199964,-0.1199964,2.822604
-0.125,0.14666256,0.14666256,-0.39656252,-0.10530892,-0.10530892,2.822604
-0.125,0.14666256,0.14666256,-0.381875,-0.09062141,-0.09062141,2.822604
-0.125,0.14666256,0.14666256,-0.3671875,-0.0759339,-0.0759339,2.822604
-0.125,0.14666256,0.14666256,-0.3525,-0.061246395,-0.061246395,2.822604
-0.125,0.14666256,0.14666256,-0.33781248,-0.046558887,-0.046558887,2.822604
-0.125,0.14666256,0.14666256,-0.323125,-0.03187141,-0.03187141,2.822604
-0.125,0.14666256,0.14666256,-0.3084375,-0.0171839,-0.0171839,2.822604
-0.125,0.14666256,0.14666256,-0.29375,-0.0024963915,-0.0024963915,2.822604
-0.125,0.14666256,0.14666256,-0.2790625,0.012191087,0.012191087,2.8036728
-0.125,0.14666256,0.14666256,-0.264375,0.026878595,0.026878595,2.811188
-0.125,0.14666256,0.14666256,-0.2496875,0.041566104,0.041566104,2.7868812
-0.125,0.14666256,0.14666256,-0.235,0.056253597,0.056253597,2.7515738
-0.125,0.14666256,0.14666256,-0.2203125,0.07094109,0.07094109,2.73954
-0.125,0.14666256,0.14666256,-0.205625,0.0856286,0.0856286,2.7033727
-0.125,0.14666256,0.14666256,-0.19093749,0.10031611,0.10031611,2.6760144
-0.125,0.14666256,0.14666256,-0.17625001,0.115003586,0.115003586,2.6330857
-0.125,0.14666256,0.14666256,-0.1615625,0.1296911,0.1296911,2.5747387
-0.125,0.14666256,0.14666256,-0.146875,0.1443786,0.1443786,2.5301545
-0.125,0.14666256,0.14666256,-0.13218749,0.15906611,0.15906611,2.4834466
-0.125,0.14666256,0.14666256,-0.11750001,0.17375359,0.17375359,2.4260137
-0.125,0.14666256,0.14666256,-0.1028125,0.1884411,0.1884411,2.3786654
-0.125,0.14666256,0.14666256,-0.08812499,0.2031286,0.2031286,2.3181472
-0.125,0.14666256,0.14666256,-0.07343751,0.21781608,0.21781608,2.2353995
-0.125,0.14666256,0.14666256,-0.058750004,0.2325036,0.2325036,2.1713078
-0.125,0.14666256,0.14666256,-0.044062495,0.2471911,0.2471911,2.085681
-0.125,0.14666256,0.14666256,-0.029374987,0.2618786,0.2618786,2.0085478
-0.125,0.14666256,0.14666256,-0.014687508,0.2765661,0.2765661,1.9261564
-0.125,0.14666256,0.14666256,0.0,0.2912536,0.2912536,1.8626487
-0.125,0.14666256,0.14666256,0.014687508,0.3059411,0.3059411,1.7721164
-0.125,0.14666256,0.14666256,0.029374987,0.32062858,0.32062858,1.6730099
-0.125,0.14666256,0.14666256,0.044062525,0.33531612,0.33531612,1.5884408
-0.125,0.14666256,0.14666256,0.058750004,0.3500036,0.3500036,1.5066754
-0.125,0.14666256,0.14666256,0.07343748,0.36469108,0.36469108,1.4410278
-0.125,0.14666256,0.14666256,0.08812502,0.37937862,0.37937862,1.3991609
-0.125,0.14666256,0.14666256,0.1028125,0.3940661,0.3940661,1.3841114
-0.125,0.14666256,0.14666256,0.11749998,0.40875357,0.40875357,1.3684253
-0.125,0.14666256,0.14666256,0.13218752,0.4234411,0.4234411,1.3480874
-0.125,0.14666256,0.14666256,0.146875,0.4381286,0.4381286,1.3353473
-0.125,0.14666256,0.14666256,0.16156247,0.45281607,0.45281607,1.3174844
-0.125,0.14666256,0.14666256,0.17625001,0.4675036,0.4675036,1.3053807
-0.125,0.14666256,0.14666256,0.19093749,0.4821911,0.4821911,1.2992766
-0.125,0.14666256,0.14666256,0.20562503,0.49687862,0.49687862,1.2710404
-0.125,0.14666256,0.14666256,0.2203125,0.5115661,0.5115661,1.1798501
-0.125,0.14666256,0.14666256,0.23499998,0.5262536,0.5262536,0.94875765
-0.125,0.14666256,0.14666256,0.24968752,0.5409411,0.5409411,0.90967256
-0.125,0.14666256,0.14666256,0.264375,0.5556286,0.5556286,1.1521211
-0.125,0.14666256,0.14666256,0.27906248,0.5703161,0.5703161,1.231016
-0.125,0.14666256,0.14666256,0.29375002,0.5850036,0.5850036,1.2711537
-0.125,0.14666256,0.14666256,0.3084375,0.5996911,0.5996911,1.2877852
-0.125,0.14666256,0.14666256,0.32312497,0.6143786,0.6143786,1.3315556
-0.125,0.14666256,0.14666256,0.3378125,0.6290661,0.6290661,1.43942
-0.125,0.14666256,0.14666256,0.3525,0.6437536,0.6437536,1.5978285
-0.125,0.14666256,0.14666256,0.36718747,0.65844107,0.65844107,1.4941438
-0.125,0.14666256,0.14666256,0.381875,0.6731286,0.6731286,1.503924
-0.125,0.14666256,0.14666256,0.3965625,0.6878161,0.6878161,1.5548947
-0.125,0.14666256,0.14666256,0.41125003,0.7025036,0.7025036,1.6012676
-0.125,0.14666256,0.14666256,0.4259375,0.7171911,0.7171911,1.6909611
-0.125,0.14666256,0.14666256,0.44062498,0.7318786,0.7318786,1.742157
-0.125,0.14666256,0.14666256,0.45531252,0.7465661,0.7465661,1.792602
-0.125,0.14666256,0.14666256,0.47,0.7612536,0.7612536,1.8441614
-0.0625,0.20916256,0.20916256,-0.47,-0.1787464,-0.1787464,2.488425
-0.0625,0.20916256,0.20916256,-0.4553125,-0.1640589,-0.1640589,2.488425
-0.0625,0.20916256,0.20916256,-0.440625,-0.14937142,-0.14937142,2.488425
-0.0625,0.20916256,0.20916256,-0.4259375,-0.1346839,-0.1346839,2.488425
-0.0625,0.20916256,0.20916256,-0.41125,-0.1199964,-0.1199964,2.488425
-0.0625,0.20916256,0.20916256,-0.39656252,-0.10530892,-0.10530892,2.488425
-0.0625,0.20916256,0.20916256,-0.381875,-0.09062141,-0.09062141,2.488425
-0.0625,0.20916256,0.20916256,-0.3671875,-0.0759339,-0.0759339,2.488425
-0.0625,0.20916256,0.20916256,-0.3525,-0.061246395,-0.061246395,2.488425
-0.0625,0.20916256,0.20916256,-0.33781248,-0.046558887,-0.046558887,2.488425
-0.0625,0.20916256,0.20916256,-0.323125,-0.03187141,-0.03187141,2.488425
-0.0625,0.20916256,0.20916256,-0.3084375,-0.0171839,-0.0171839,2.488425
-0.0625,0.20916256,0.20916256,-0.29375,-0.0024963915,-0.0024963915,2.488425
-0.0625,0.20916256,0.20916256,-0.2790625,0.012191087,0.012191087,2.4907727
-0.0625,0.20916256,0.20916256,-0.264375,0.026878595,0.026878595,2.4764059
-0.0625,0.20916256,0.20916256,-0.2496875,0.041566104,0.041566104,2.45202
-0.0625,0.20916256,0.20916256,-0.235,0.056253597,0.056253597,2.433288
-0.0625,0.20916256,0.20916256,-0.2203125,0.07094109,0.07094109,2.4052677
-0.0625,0.20916256,0.20916256,-0.205625,0.0856286,0.0856286,2.3777542
-0.0625,0.20916256,0.20916256,-0.19093749,0.10031611,0.10031611,2.3403127
-0.0625,0.20916256,0.20916256,-0.17625001,0.115003586,0.115003586,2.2998438
-0.0625,0.20916256,0.20916256,-0.1615625,0.1296911,0.1296911,2.243494
-0.0625,0.20916256,0.20916256,-0.146875,0.1443786,0.1443786,2.1891253
-0.0625,0.20916256,0.20916256,-0.13218749,0.15906611,0.15906611,2.1181
-0.0625,0.20916256,0.20916256,-0.11750001,0.17375359,0.17375359,2.0457284
-0.0625,0.20916256,0.20916256,-0.1028125,0.1884411,0.1884411,1.9808738
-0.0625,0.20916256,0.20916256,-0.08812499,0.2031286,0.2031286,1.8944578
-0.0625,0.20916256,0.20916256,-0.07343751,0.21781608,0.21781608,1.8291292
-0.0625,0.20916256,0.20916256,-0.058750004,0.2325036,0.2325036,1.743046
-0.0625,0.20916256,0.20916256,-0.044062495,0.2471911,0.2471911,1.6632977
-0.0625,0.20916256,0.20916256,-0.029374987,0.2618786,0.2618786,1.5929617
-0.0625,0.20916256,0.20916256,-0.014687508,0.2765661,0.2765661,1.520634
-0.0625,0.20916256,0.20916256,0.0,0.2912536,0.2912536,1.4527763
-0.0625,0.20916256,0.20916256,0.014687508,0.3059411,0.3059411,1.3936143
-0.0625,0.20916256,0.20916256,0.029374987,0.32062858,0.32062858,1.3515884
-0.0625,0.20916256,0.20916256,0.044062525,0.33531612,0.33531612,1.3321335
-0.0625,0.20916256,0.20916256,0.058750004,0.3500036,0.3500036,1.3366275
-0.0625,0.20916256,0.20916256,0.07343748,0.36469108,0.36469108,1.360116
-0.0625,0.20916256,0.20916256,0.08812502,0.37937862,0.37937862,1.4007163
-0.0625,0.20916256,0.20916256,0.1028125,0.3940661,0.3940661,1.4663603
-0.0625,0.20916256,0.20916256,0.11749998,0.40875357,0.40875357,1.5040513
-0.0625,0.20916256,0.20916256,0.13218752,0.4234411,0.4234411,1.5554159
-0.0625,0.20916256,0.20916256,0.146875,0.4381286,0.4381286,1.6196343
-0.0625,0.20916256,0.20916256,0.16156247,0.45281607,0.45281607,1.667402
-0.0625,0.20916256,0.20916256,0.17625001,0.4675036,0.4675036,1.6839284
-0.0625,0.20916256,0.20916256,0.19093749,0.4821911,0.4821911,1.700535
-0.0625,0.20916256,0.20916256,0.20562503,0.49687862,0.49687862,1.7517318
-0.0625,0.20916256,0.20916256,0.2203125,0.5115661,0.5115661,1.7538885
-0.0625,0.20916256,0.20916256,0.23499998,0.5262536,0.5262536,1.7006594
-0.0625,0.20916256,0.20916256,0.24968752,0.5409411,0.5409411,1.501078
-0.0625,0.20916256,0.20916256,0.264375,0.5556286,0.5556286,1.6174076
-0.0625,0.20916256,0.20916256,0.27906248,0.5703161,0.5703161,1.5855509
-0.0625,0.20916256,0.20916256,0.29375002,0.5850036,0.5850036,1.6374805
-0.0625,0.20916256,0.20916256,0.3084375,0.5996911,0.5996911,1.5033362
-0.0625,0.20916256,0.20916256,0.32312497,0.6143786,0.6143786,1.4235992
-0.0625,0.20916256,0.20916256,0.3378125,0.6290661,0.6290661,1.2253432
-0.0625,0.20916256,0.20916256,0.3525,0.6437536,0.6437536,1.05022
-0.0625,0.20916256,0.20916256,0.36718747,0.65844107,0.65844107,1.2287295
-0.0625,0.20916256,0.20916256,0.381875,0.6731286,0.6731286,1.2777892
-0.0625,0.20916256,0.20916256,0.3965625,0.6878161,0.6878161,1.2900345
-0.0625,0.20916256,0.20916256,0.41125003,0.7025036,0.7025036,1.3125615
-0.0625,0.20916256,0.20916256,0.4259375,0.7171911,0.7171911,1.3456957
-0.0625,0.20916256,0.20916256,0.44062498,0.7318786,0.7318786,1.4017568
-0.0625,0.20916256,0.20916256,0.45531252,0.7465661,0.7465661,1.4666202
-0.0625,0.20916256,0.20916256,0.47,0.7612536,0.7612536,1.5467662
0.0,0.27166256,0.27166256,-0.47,-0.1787464,-0.1787464,2.1893947
0.0,0.27166256,0.27166256,-0.4553125,-0.1640589,-0.1640589,2.1893947
0.0,0.27166256,0.27166256,-0.440625,-0.14937142,-0.14937142,2.1893947
0.0,0.27166256,0.27166256,-0.4259375,-0.1346839,-0.1346839,2.1893947
0.0,0.27166256,0.27166256,-0.41125,-0.1199964,-0.1199964,2.1893947
0.0,0.27166256,0.27166256,-0.39656252,-0.10530892,-0.10530892,2.1893947
0.0,0.27166256,0.27166256,-0.381875,-0.09062141,-0.09062141,2.1893947
0.0,0.27166256,0.27166256,-0.3671875,-0.0759339,-0.0759339,2.1893947
0.0,0.27166256,0.27166256,-0.3525,-0.061246395,-0.061246395,2.1893947
0.0,0.27166256,0.27166256,-0.33781248,-0.046558887,-0.046558887,2.1893947
0.0,0.27166256,0.27166256,-0.323125,-0.03187141,-0.03187141,2.1893947
0.0,0.27166256,0.27166256,-0.3084375,-0.0171839,-0.0171839,2.1893947
0.0,0.27166256,0.27166256,-0.29375,-0.0024963915,-0.0024963915,2.1893947
0.0,0.27166256,0.27166256,-0.2790625,0.012191087,0.012191087,2.1840675
0.0,0.27166256,0.27166256,-0.264375,0.026878595,0.026878595,2.1822834
0.0,0.27166256,0.27166256,-0.2496875,0.041566104,0.041566104,2.14653
0.0,0.27166256,0.27166256,-0.235,0.056253597,0.056253597,2.1283884
0.0,0.27166256,0.27166256,-0.2203125,0.07094109,0.07094109,2.1085184
0.0,0.27166256,0.27166256,-0.205625,0.0856286,0.0856286,2.0612118
0.0,0.27166256,0.27166256,-0.19093749,0.10031611,0.10031611,2.0230594
0.0,0.27166256,0.27166256,-0.17625001,0.115003586,0.115003586,1.9846135
0.0,0.27166256,0.27166256,-0.1615625,0.1296911,0.1296911,1.9322618
0.0,0.27166256,0.27166256,-0.146875,0.1443786,0.1443786,1.8750201
0.0,0.27166256,0.27166256,-0.13218749,0.15906611,0.15906611,1.8150042
0.0,0.27166256,0.27166256,-0.11750001,0.17375359,0.17375359,1.7316173
0.0,0.27166256,0.27166256,-0.1028125,0.1884411,0.1884411,1.6879832
0.0,0.27166256,0.27166256,-0.08812499,0.2031286,0.2031286,1.6368439
0.0,0.27166256,0.27166256,-0.07343751,0.21781608,0.21781608,1.5892109
0.0,0.27166256,0.27166256,-0.058750004,0.2325036,0.2325036,1.5418806
0.0,0.27166256,0.27166256,-0.044062495,0.2471911,0.2471911,1.4992014
0.0,0.27166256,0.27166256,-0.029374987,0.2618786,0.2618786,1.4565779
0.0,0.27166256,0.27166256,-0.014687508,0.2765661,0.2765661,1.4235027
0.0,0.27166256,0.27166256,0.0,0.2912536,0.2912536,1.4070086
0.0,0.27166256,0.27166256,0.014687508,0.3059411,0.3059411,1.4325694
0.0,0.27166256,0.27166256,0.029374987,0.32062858,0.32062858,1.4738077
0.0,0.27166256,0.27166256,0.044062525,0.33531612,0.33531612,1.5271338
0.0,0.27166256,0.27166256,0.058750004,0.3500036,0.3500036,1.5867635
0.0,0.27166256,0.27166256,0.07343748,0.36469108,0.36469108,1.6660733
0.0,0.27166256,0.27166256,0.08812502,0.37937862,0.37937862,1.785932
0.0,0.27166256,0.27166256,0.1028125,0.3940661,0.3940661,1.9621724
0.0,0.27166256,0.27166256,0.11749998,0.40875357,0.40875357,2.169648
0.0,0.27166256,0.27166256,0.13218752,0.4234411,0.4234411,2.3564005
0.0,0.27166256,0.27166256,0.146875,0.4381286,0.4381286,2.5037966
0.0,0.27166256,0.27166256,0.16156247,0.45281607,0.45281607,2.706446
0.0,0.27166256,0.27166256,0.17625001,0.4675036,0.4675036,2.914533
0.0,0.27166256,0.27166256,0.19093749,0.4821911,0.4821911,3.0529983
0.0,0.27166256,0.27166256,0.20562503,0.49687862,0.49687862,3.1339743
0.0,0.27166256,0.27166256,0.2203125,0.5115661,0.5115661,3.191225
0.0,0.27166256,0.27166256,0.23499998,0.5262536,0.5262536,3.1197278
0.0,0.27166256,0.27166256,0.24968752,0.5409411,0.5409411,3.0043766
0.0,0.27166256,0.27166256,0.264375,0.5556286,0.5556286,2.885539
0.0,0.27166256,0.27166256,0.27906248,0.5703161,0.5703161,2.7520103
0.0,0.27166256,0.27166256,0.29375002,0.5850036,0.5850036,2.6135547
0.0,0.27166256,0.27166256,0.3084375,0.5996911,0.5996911,2.4529617
0.0,0.27166256,0.27166256,0.32312497,0.6143786,0.6143786,2.2691166
0.0,0.27166256,0.27166256,0.3378125,0.6290661,0.6290661,2.0622036
0.0,0.27166256,0.27166256,0.3525,0.6437536,0.6437536,1.9154584
0.0,0.27166256,0.27166256,0.36718747,0.65844107,0.65844107,1.7948058
0.0,0.27166256,0.27166256,0.381875,0.6731286,0.6731286,1.6895492
0.0,0.27166256,0.27166256,0.3965625,0.6878161,0.6878161,1.5959404
0.0,0.27166256,0.27166256,0.41125003,0.7025036,0.7025036,1.5122663
0.0,0.27166256,0.27166256,0.4259375,0.7171911,0.7171911,1.4628619
0.0,0.27166256,0.27166256,0.44062498,0.7318786,0.7318786,1.4362673
0.0,0.27166256,0.27166256,0.45531252,0.7465661,0.7465661,1.4349449
0.0,0.27166256,0.27166256,0.47,0.7612536,0.7612536,1.447922
0.0625,0.33416256,0.33416256,-0.47,-0.1787464,-0.1787464,1.9332074
0.0625,0.33416256,0.33416256,-0.4553125,-0.1640589,-0.1640589,1.9332074
0.0625,0.33416256,0.33416256,-0.440625,-0.14937142,-0.14937142,1.9332074
0.0625,0.33416256,0.33416256,-0.4259375,-0.1346839,-0.1346839,1.9332074
0.0625,0.33416256,0.33416256,-0.41125,-0.1199964,-0.1199964,1.9332074
0.0625,0.33416256,0.33416256,-0.39656252,-0.10530892,-0.10530892,1.9332074
0.0625,0.33416256,0.33416256,-0.381875,-0.09062141,-0.09062141,1.9332074
0.0625,0.33416256,0.33416256,-0.3671875,-0.0759339,-0.0759339,1.9332074
0.0625,0.33416256,0.33416256,-0.3525,-0.061246395,-0.061246395,1.9332074
0.0625,0.33416256,0.33416256,-0.33781248,-0.046558887,-0.046558887,1.9332074
0.0625,0.33416256,0.33416256,-0.323125,-0.03187141,-0.03187141,1.9332074
0.0625,0.33416256,0.33416256,-0.3084375,-0.0171839,-0.0171839,1.9332074
0.0625,0.33416256,0.33416256,-0.29375,-0.0024963915,-0.0024963915,1.9332074
0.0625,0.33416256,0.33416256,-0.2790625,0.012191087,0.012191087,1.9164828
0.0625,0.33416256,0.33416256,-0.264375,0.026878595,0.026878595,1.8866756
0.0625,0.33416256,0.33416256,-0.2496875,0.041566104,0.041566104,1.8755074
0.0625,0.33416256,0.33416256,-0.235,0.056253597,0.056253597,1.8480606
0.0625,0.33416256,0.33416256,-0.2203125,0.07094109,0.07094109,1.8410355
0.0625,0.33416256,0.33416256,-0.205625,0.0856286,0.0856286,1.8219787
0.0625,0.33416256,0.33416256,-0.19093749,0.10031611,0.10031611,1.8024142
0.0625,0.33416256,0.33416256,-0.17625001,0.115003586,0.115003586,1.7671049
0.0625,0.33416256,0.33416256,-0.1615625,0.1296911,0.1296911,1.7100092
0.0625,0.33416256,0.33416256,-0.146875,0.1443786,0.1443786,1.6608442
0.0625,0.33416256,0.33416256,-0.13218749,0.15906611,0.15906611,1.5952231
0.0625,0.33416256,0.33416256,-0.11750001,0.17375359,0.17375359,1.570156
0.0625,0.33416256,0.33416256,-0.1028125,0.1884411,0.1884411,1.5464027
0.0625,0.33416256,0.33416256,-0.08812499,0.2031286,0.2031286,1.5296595
0.0625,0.33416256,0.33416256,-0.07343751,0.21781608,0.21781608,1.5320592
0.0625,0.33416256,0.33416256,-0.058750004,0.2325036,0.2325036,1.5496836
0.0625,0.33416256,0.33416256,-0.044062495,0.2471911,0.2471911,1.5983173
0.0625,0.33416256,0.33416256,-0.029374987,0.2618786,0.2618786,1.6563727
0.0625,0.33416256,0.33416256,-0.014687508,0.2765661,0.2765661,1.7421064
0.0625,0.33416256,0.33416256,0.0,0.2912536,0.2912536,1.8295203
0.0625,0.33416256,0.33416256,0.014687508,0.3059411,0.3059411,1.953673
0.0625,0.33416256,0.33416256,0.029374987,0.32062858,0.32062858,2.0742855
0.0625,0.33416256,0.33416256,0.044062525,0.33531612,0.33531612,2.2308898
0.0625,0.33416256,0.33416256,0.058750004,0.3500036,0.3500036,2.4261665
0.0625,0.33416256,0.33416256,0.07343748,0.36469108,0.36469108,2.659316
0.0625,0.33416256,0.33416256,0.08812502,0.37937862,0.37937862,2.888097
0.0625,0.33416256,0.33416256,0.1028125,0.3940661,0.3940661,3.1585877
0.0625,0.33416256,0.33416256,0.11749998,0.40875357,0.40875357,3.3176079
0.0625,0.33416256,0.33416256,0.13218752,0.4234411,0.4234411,3.479596
0.0625,0.33416256,0.33416256,0.146875,0.4381286,0.4381286,3.6419754
0.0625,0.33416256,0.33416256,0.16156247,0.45281607,0.45281607,3.69767
0.0625,0.33416256,0.33416256,0.17625001,0.4675036,0.4675036,3.760024
0.0625,0.33416256,0.33416256,0.19093749,0.4821911,0.4821911,3.7436185
0.0625,0.33416256,0.33416256,0.20562503,0.49687862,0.49687862,3.6493387
0.0625,0.33416256,0.33416256,0.2203125,0.5115661,0.5115661,3.509314
0.0625,0.33416256,0.33416256,0.23499998,0.5262536,0.5262536,3.481298
0.0625,0.33416256,0.33416256,0.24968752,0.5409411,0.5409411,3.4199412
0.0625,0.33416256,0.33416256,0.264375,0.5556286,0.5556286,3.3083665
0.0625,0.33416256,0.33416256,0.27906248,0.5703161,0.5703161,3.1157732
0.0625,0.33416256,0.33416256,0.29375002,0.5850036,0.5850036,2.8711152
0.0625,0.33416256,0.33416256,0.3084375,0.5996911,0.5996911,2.6102884
0.0625,0.33416256,0.33416256,0.32312497,0.6143786,0.6143786,2.3509812
0.0625,0.33416256,0.33416256,0.3378125,0.6290661,0.6290661,2.2042928
0.0625,0.33416256,0.33416256,0.3525,0.6437536,0.6437536,2.1417923
0.0625,0.33416256,0.33416256,0.36718747,0.65844107,0.65844107,2.0782106
0.0625,0.33416256,0.33416256,0.381875,0.6731286,0.6731286,1.9844451
0.0625,0.33416256,0.33416256,0.3965625,0.6878161,0.6878161,1.8852521
0.0625,0.33416256,0.33416256,0.41125003,0.7025036,0.7025036,1.8010728
0.0625,0.33416256,0.33416256,0.4259375,0.7171911,0.7171911,1.7254369
0.0625,0.33416256,0.33416256,0.44062498,0.7318786,0.7318786,1.6683872
0.0625,0.33416256,0.33416256,0.45531252,0.7465661,0.7465661,1.6211356
0.0625,0.33416256,0.33416256,0.47,0.7612536,0.7612536,1.5772489
0.125,0.39666256,0.39666256,-0.47,-0.1787464,-0.1787464,1.7462242
0.125,0.39666256,0.39666256,-0.4553125,-0.1640589,-0.1640589,1.7462242
0.125,0.39666256,0.39666256,-0.440625,-0.14937142,-0.14937142,1.7462242
0.125,0.39666256,0.39666256,-0.4259375,-0.1346839,-0.1346839,1.7462242
0.125,0.39666256,0.39666256,-0.41125,-0.1199964,-0.1199964,1.7462242
0.125,0.39666256,0.39666256,-0.39656252,-0.10530892,-0.10530892,1.7462242
0.125,0.39666256,0.39666256,-0.381875,-0.09062141,-0.09062141,1.7462242
0.125,0.39666256,0.39666256,-0.3671875,-0.0759339,-0.0759339,1.7462242
0.125,0.39666256,0.39666256,-0.3525,-0.061246395,-0.061246395,1.7462242
0.125,0.39666256,0.39666256,-0.33781248,-0.046558887,-0.046558887,1.7462242
0.125,0.39666256,0.39666256,-0.323125,-0.03187141,-0.03187141,1.7462242
0.125,0.39666256,0.39666256,-0.3084375,-0.0171839,-0.0171839,1.7462242
0.125,0.39666256,0.39666256,-0.29375,-0.0024963915,-0.0024963915,1.7462242
0.125,0.39666256,0.39666256,-0.2790625,0.012191087,0.012191087,1.7420605
0.125,0.39666256,0.39666256,-0.264375,0.026878595,0.026878595,1.732949
0.125,0.39666256,0.39666256,-0.2496875,0.041566104,0.041566104,1.7253442
0.125,0.39666256,0.39666256,-0.235,0.056253597,0.056253597,1.7056315
0.125,0.39666256,0.39666256,-0.2203125,0.07094109,0.07094109,1.6875254
0.125,0.39666256,0.39666256,-0.205625,0.0856286,0.0856286,1.6646793
0.125,0.39666256,0.39666256,-0.19093749,0.10031611,0.10031611,1.6514804
0.125,0.39666256,0.39666256,-0.17625001,0.115003586,0.115003586,1.634982
0.125,0.39666256,0.39666256,-0.1615625,0.1296911,0.1296911,1.6149713
0.125,0.39666256,0.39666256,-0.146875,0.1443786,0.1443786,1.5980629
0.125,0.39666256,0.39666256,-0.13218749,0.15906611,0.15906611,1.5843
0.125,0.39666256,0.39666256,-0.11750001,0.17375359,0.17375359,1.5961093
0.125,0.39666256,0.39666256,-0.1028125,0.1884411,0.1884411,1.6203636
0.125,0.39666256,0.39666256,-0.08812499,0.2031286,0.2031286,1.6480228
0.125,0.39666256,0.39666256,-0.07343751,0.21781608,0.21781608,1.6913034
0.125,0.39666256,0.39666256,-0.058750004,0.2325036,0.2325036,1.7382473
0.125,0.39666256,0.39666256,-0.044062495,0.2471911,0.2471911,1.7828461
0.125,0.39666256,0.39666256,-0.029374987,0.2618786,0.2618786,1.8505708
0.125,0.39666256,0.39666256,-0.014687508,0.2765661,0.2765661,1.9246901
0.125,0.39666256,0.39666256,0.0,0.2912536,0.2912536,1.997031
0.125,0.39666256,0.39666256,0.014687508,0.3059411,0.3059411,2.0929317
0.125,0.39666256,0.39666256,0.029374987,0.32062858,0.32062858,2.1870127
0.125,0.39666256,0.39666256,0.044062525,0.33531612,0.33531612,2.281235
0.125,0.39666256,0.39666256,0.058750004,0.3500036,0.3500036,2.395183
0.125,0.39666256,0.39666256,0.07343748,0.36469108,0.36469108,2.5030072
0.125,0.39666256,0.39666256,0.08812502,0.37937862,0.37937862,2.5999937
0.125,0.39666256,0.39666256,0.1028125,0.3940661,0.3940661,2.7035298
0.125,0.39666256,0.39666256,0.11749998,0.40875357,0.40875357,2.8063822
0.125,0.39666256,0.39666256,0.13218752,0.4234411,0.4234411,2.8967779
0.125,0.39666256,0.39666256,0.146875,0.4381286,0.4381286,2.9995785
0.125,0.39666256,0.39666256,0.16156247,0.45281607,0.45281607,3.0641162
0.125,0.39666256,0.39666256,0.17625001,0.4675036,0.4675036,3.1203992
0.125,0.39666256,0.39666256,0.19093749,0.4821911,0.4821911,3.1807394
0.125,0.39666256,0.39666256,0.20562503,0.49687862,0.49687862,3.2336361
0.125,0.39666256,0.39666256,0.2203125,0.5115661,0.5115661,3.2461941
0.125,0.39666256,0.39666256,0.23499998,0.5262536,0.5262536,3.1695693
0.125,0.39666256,0.39666256,0.24968752,0.5409411,0.5409411,3.1631753
0.125,0.39666256,0.39666256,0.264375,0.5556286,0.5556286,3.1013968
0.125,0.39666256,0.39666256,0.27906248,0.5703161,0.5703161,2.966889
0.125,0.39666256,0.39666256,0.29375002,0.5850036,0.5850036,2.8298118
0.125,0.39666256,0.39666256,0.3084375,0.5996911,0.5996911,2.7401114
0.125,0.39666256,0.39666256,0.32312497,0.6143786,0.6143786,2.6016688
0.125,0.39666256,0.39666256,0.3378125,0.6290661,0.6290661,2.4818928
0.125,0.39666256,0.39666256,0.3525,0.6437536,0.6437536,2.3729765
0.125,0.39666256,0.39666256,0.36718747,0.65844107,0.65844107,2.2673614
0.125,0.39666256,0.39666256,0.381875,0.6731286,0.6731286,2.1774886
0.125,0.39666256,0.39666256,0.3965625,0.6878161,0.6878161,2.099708
0.125,0.39666256,0.39666256,0.41125003,0.7025036,0.7025036,2.0172346
0.125,0.39666256,0.39666256,0.4259375,0.7171911,0.7171911,1.959629
0.125,0.39666256,0.39666256,0.44062498,0.7318786,0.7318786,1.9097216
0.125,0.39666256,0.39666256,0.45531252,0.7465661,0.7465661,1.8585416
0.125,0.39666256,0.39666256,0.47,0.7612536,0.7612536,1.8102598
0.1875,0.45916256,0.45916256,-0.47,-0.1787464,-0.1787464,1.7832267
0.1875,0.45916256,0.45916256,-0.4553125,-0.1640589,-0.1640589,1.7832267
0.1875,0.45916256,0.45916256,-0.440625,-0.14937142,-0.14937142,1.7832267
0.1875,0.45916256,0.45916256,-0.4259375,-0.1346839,-0.1346839,1.7832267
0.1875,0.45916256,0.45916256,-0.41125,-0.1199964,-0.1199964,1.7832267
0.1875,0.45916256,0.45916256,-0.39656252,-0.10530892,-0.10530892,1.7832267
0.1875,0.45916256,0.45916256,-0.381875,-0.09062141,-0.09062141,1.7832267
0.1875,0.45916256,0.45916256,-0.3671875,-0.0759339,-0.0759339,1.7832267
0.1875,0.45916256,0.45916256,-0.3525,-0.061246395,-0.061246395,1.7832267
0.1875,0.45916256,0.45916256,-0.33781248,-0.046558887,-0.046558887,1.7832267
0.1875,0.45916256,0.45916256,-0.323125,-0.03187141,-0.03187141,1.7832267
0.1875,0.45916256,0.45916256,-0.3084375,-0.0171839,-0.0171839,1.7832267
0.1875,0.45916256,0.45916256,-0.29375,-0.0024963915,-0.0024963915,1.7832267
0.1875,0.45916256,0.45916256,-0.2790625,0.012191087,0.012191087,1.7771508
0.1875,0.45916256,0.45916256,-0.264375,0.026878595,0.026878595,1.7461829
0.1875,0.45916256,0.45916256,-0.2496875,0.041566104,0.041566104,1.7463106
0.1875,0.45916256,0.45916256,-0.235,0.056253597,0.056253597,1.746934
0.1875,0.45916256,0.45916256,-0.2203125,0.07094109,0.07094109,1.73822
0.1875,0.45916256,0.45916256,-0.205625,0.0856286,0.0856286,1.7329586
0.1875,0.45916256,0.45916256,-0.19093749,0.10031611,0.10031611,1.7307388
0.1875,0.45916256,0.45916256,-0.17625001,0.115003586,0.115003586,1.7225865
0.1875,0.45916256,0.45916256,-0.1615625,0.1296911,0.1296911,1.7176918
0.1875,0.45916256,0.45916256,-0.146875,0.1443786,0.1443786,1.7297404
0.1875,0.45916256,0.45916256,-0.13218749,0.15906611,0.15906611,1.7354507
0.1875,0.45916256,0.45916256,-0.11750001,0.17375359,0.17375359,1.7383204
0.1875,0.45916256,0.45916256,-0.1028125,0.1884411,0.1884411,1.7510016
0.1875,0.45916256,0.45916256,-0.08812499,0.2031286,0.2031286,1.7616836
0.1875,0.45916256,0.45916256,-0.07343751,0.21781608,0.21781608,1.7760259
0.1875,0.45916256,0.45916256,-0.058750004,0.2325036,0.2325036,1.791998
0.1875,0.45916256,0.45916256,-0.044062495,0.2471911,0.2471911,1.7976029
0.1875,0.45916256,0.45916256,-0.029374987,0.2618786,0.2618786,1.7923886
0.1875,0.45916256,0.45916256,-0.014687508,0.2765661,0.2765661,1.8038696
0.1875,0.45916256,0.45916256,0.0,0.2912536,0.2912536,1.8209331
0.1875,0.45916256,0.45916256,0.014687508,0.3059411,0.3059411,1.8273233
0.1875,0.45916256,0.45916256,0.029374987,0.32062858,0.32062858,1.8186299
0.1875,0.45916256,0.45916256,0.044062525,0.33531612,0.33531612,1.8301417
0.1875,0.45916256,0.45916256,0.058750004,0.3500036,0.3500036,1.8261757
0.1875,0.45916256,0.45916256,0.07343748,0.36469108,0.36469108,1.8320333
0.1875,0.45916256,0.45916256,0.08812502,0.37937862,0.37937862,1.8334333
0.1875,0.45916256,0.45916256,0.1028125,0.3940661,0.3940661,1.8205655
0.1875,0.45916256,0.45916256,0.11749998,0.40875357,0.40875357,1.8161653
0.1875,0.45916256,0.45916256,0.13218752,0.4234411,0.4234411,1.7797388
0.1875,0.45916256,0.45916256,0.146875,0.4381286,0.4381286,1.73126
0.1875,0.45916256,0.45916256,0.16156247,0.45281607,0.45281607,1.7752141
0.1875,0.45916256,0.45916256,0.17625001,0.4675036,0.4675036,1.7394017
0.1875,0.45916256,0.45916256,0.19093749,0.4821911,0.4821911,1.7312468
0.1875,0.45916256,0.45916256,0.20562503,0.49687862,0.49687862,1.6939697
0.1875,0.45916256,0.45916256,0.2203125,0.5115661,0.5115661,1.6072456
0.1875,0.45916256,0.45916256,0.23499998,0.5262536,0.5262536,1.744699
0.1875,0.45916256,0.45916256,0.24968752,0.5409411,0.5409411,1.9920937
0.1875,0.45916256,0.45916256,0.264375,0.5556286,0.5556286,1.8496574
0.1875,0.45916256,0.45916256,0.27906248,0.5703161,0.5703161,1.7620984
0.1875,0.45916256,0.45916256,0.29375002,0.5850036,0.5850036,1.913473
0.1875,0.45916256,0.45916256,0.3084375,0.5996911,0.5996911,1.9245559
0.1875,0.45916256,0.45916256,0.32312497,0.6143786,0.6143786,1.9306078
0.1875,0.45916256,0.45916256,0.3378125,0.6290661,0.6290661,1.8953037
0.1875,0.45916256,0.45916256,0.3525,0.6437536,0.6437536,1.9255098
0.1875,0.45916256,0.45916256,0.36718747,0.65844107,0.65844107,1.9476156
0.1875,0.45916256,0.45916256,0.381875,0.6731286,0.6731286,1.9463462
0.1875,0.45916256,0.45916256,0.3965625,0.6878161,0.6878161,1.9472265
0.1875,0.45916256,0.45916256,0.41125003,0.7025036,0.7025036,1.9449236
0.1875,0.45916256,0.45916256,0.4259375,0.7171911,0.7171911,1.9254831
0.1875,0.45916256,0.45916256,0.44062498,0.7318786,0.7318786,1.9275304
0.1875,0.45916256,0.45916256,0.45531252,0.7465661,0.7465661,1.9280642
0.1875,0.45916256,0.45916256,0.47,0.7612536,0.7612536,1.9231483
0.25,0.5216626,0.5216626,-0.47,-0.1787464,-0.1787464,2.6161697
0.25,0.5216626,0.5216626,-0.4553125,-0.1640589,-0.1640589,2.6161697
0.25,0.5216626,0.5216626,-0.440625,-0.14937142,-0.14937142,2.6161697
0.25,0.5216626,0.5216626,-0.4259375,-0.1346839,-0.1346839,2.6161697
0.25,0.5216626,0.5216626,-0.41125,-0.1199964,-0.1199964,2.6161697
0.25,0.5216626,0.5216626,-0.39656252,-0.10530892,-0.10530892,2.6161697
0.25,0.5216626,0.5216626,-0.381875,-0.09062141,-0.09062141,2.6161697
0.25,0.5216626,0.5216626,-0.3671875,-0.0759339,-0.0759339,2.6161697
0.25,0.5216626,0.5216626,-0.3525,-0.061246395,-0.061246395,2.6161697
0.25,0.5216626,0.5216626,-0.33781248,-0.046558887,-0.046558887,2.6161697
0.25,0.5216626,0.5216626,-0.323125,-0.03187141,-0.03187141,2.6161697
0.25,0.5216626,0.5216626,-0.3084375,-0.0171839,-0.0171839,2.6161697
0.25,0.5216626,0.5216626,-0.29375,-0.0024963915,-0.0024963915,2.6161697
0.25,0.5216626,0.5216626,-0.2790625,0.012191087,0.012191087,2.592151
0.25,0.5216626,0.5216626,-0.264375,0.026878595,0.026878595,2.4555323
0.25,0.5216626,0.5216626,-0.2496875,0.041566104,0.041566104,2.3206236
0.25,0.5216626,0.5216626,-0.235,0.056253597,0.056253597,2.1948152
0.25,0.5216626,0.5216626,-0.2203125,0.07094109,0.07094109,2.089473
0.25,0.5216626,0.5216626,-0.205625,0.0856286,0.0856286,1.9972246
0.25,0.5216626,0.5216626,-0.19093749,0.10031611,0.10031611,1.917652
0.25,0.5216626,0.5216626,-0.17625001,0.115003586,0.115003586,1.841437
0.25,0.5216626,0.5216626,-0.1615625,0.1296911,0.1296911,1.7875737
0.25,0.5216626,0.5216626,-0.146875,0.1443786,0.1443786,1.732013
0.25,0.5216626,0.5216626,-0.13218749,0.15906611,0.15906611,1.7183582
0.25,0.5216626,0.5216626,-0.11750001,0.17375359,0.17375359,1.719379
0.25,0.5216626,0.5216626,-0.1028125,0.1884411,0.1884411,1.7137836
0.25,0.5216626,0.5216626,-0.08812499,0.2031286,0.2031286,1.7125992
0.25,0.5216626,0.5216626,-0.07343751,0.21781608,0.21781608,1.7093389
0.25,0.5216626,0.5216626,-0.058750004,0.2325036,0.2325036,1.7010514
0.25,0.5216626,0.5216626,-0.044062495,0.2471911,0.2471911,1.7016555
0.25,0.5216626,0.5216626,-0.029374987,0.2618786,0.2618786,1.6831286
0.25,0.5216626,0.5216626,-0.014687508,0.2765661,0.2765661,1.6738487
0.25,0.5216626,0.5216626,0.0,0.2912536,0.2912536,1.655909
0.25,0.5216626,0.5216626,0.014687508,0.3059411,0.3059411,1.647022
0.25,0.5216626,0.5216626,0.029374987,0.32062858,0.32062858,1.6274694
0.25,0.5216626,0.5216626,0.044062525,0.33531612,0.33531612,1.6024446
0.25,0.5216626,0.5216626,0.058750004,0.3500036,0.3500036,1.5829082
0.25,0.5216626,0.5216626,0.07343748,0.36469108,0.36469108,1.5437804
0.25,0.5216626,0.5216626,0.08812502,0.37937862,0.37937862,1.5186716
0.25,0.5216626,0.5216626,0.1028125,0.3940661,0.3940661,1.4795425
0.25,0.5216626,0.5216626,0.11749998,0.40875357,0.40875357,1.4430339
0.25,0.5216626,0.5216626,0.13218752,0.4234411,0.4234411,1.4174914
0.25,0.5216626,0.5216626,0.146875,0.4381286,0.4381286,1.3685424
0.25,0.5216626,0.5216626,0.16156247,0.45281607,0.45281607,1.3132364
0.25,0.5216626,0.5216626,0.17625001,0.4675036,0.4675036,1.2653694
0.25,0.5216626,0.5216626,0.19093749,0.4821911,0.4821911,0.9223903
0.25,0.5216626,0.5216626,0.20562503,0.49687862,0.49687862,1.054924
0.25,0.5216626,0.5216626,0.2203125,0.5115661,0.5115661,1.1798769
0.25,0.5216626,0.5216626,0.23499998,0.5262536,0.5262536,1.3025056
0.25,0.5216626,0.5216626,0.24968752,0.5409411,0.5409411,1.2934232
0.25,0.5216626,0.5216626,0.264375,0.5556286,0.5556286,1.307778
0.25,0.5216626,0.5216626,0.27906248,0.5703161,0.5703161,1.0501359
0.25,0.5216626,0.5216626,0.29375002,0.5850036,0.5850036,1.2898391
0.25,0.5216626,0.5216626,0.3084375,0.5996911,0.5996911,1.3943233
0.25,0.5216626,0.5216626,0.32312497,0.6143786,0.6143786,1.4357457
0.25,0.5216626,0.5216626,0.3378125,0.6290661,0.6290661,1.4691854
0.25,0.5216626,0.5216626,0.3525,0.6437536,0.6437536,1.4998468
0.25,0.5216626,0.5216626,0.36718747,0.65844107,0.65844107,1.5283182
0.25,0.5216626,0.5216626,0.381875,0.6731286,0.6731286,1.5861675
0.25,0.5216626,0.5216626,0.3965625,0.6878161,0.6878161,1.6264311
0.25,0.5216626,0.5216626,0.41125003,0.7025036,0.7025036,1.6685325
0.25,0.5216626,0.5216626,0.4259375,0.7171911,0.7171911,1.7087138
0.25,0.5216626,0.5216626,0.44062498,0.7318786,0.7318786,1.7422428
0.25,0.5216626,0.5216626,0.45531252,0.7465661,0.7465661,1.7893811
0.25,0.5216626,0.5216626,0.47,0.7612536,0.7612536,1.8380584
0.3125,0.5841626,0.5841626,-0.47,-0.1787464,-0.1787464,3.813952
0.3125,0.5841626,0.5841626,-0.4553125,-0.1640589,-0.1640589,3.813952
0.3125,0.5841626,0.5841626,-0.440625,-0.14937142,-0.14937142,3.813952
0.3125,0.5841626,0.5841626,-0.4259375,-0.1346839,-0.1346839,3.813952
0.3125,0.5841626,0.5841626,-0.41125,-0.1199964,-0.1199964,3.813952
0.3125,0.5841626,0.5841626,-0.39656252,-0.10530892,-0.10530892,3.813952
0.3125,0.5841626,0.5841626,-0.381875,-0.09062141,-0.09062141,3.813952
0.3125,0.5841626,0.5841626,-0.3671875,-0.0759339,-0.0759339,3.813952
0.3125,0.5841626,0.5841626,-0.3525,-0.061246395,-0.061246395,3.813952
0.3125,0.5841626,0.5841626,-0.33781248,-0.046558887,-0.046558887,3.813952
0.3125,0.5841626,0.5841626,-0.323125,-0.03187141,-0.03187141,3.813952
0.3125,0.5841626,0.5841626,-0.3084375,-0.0171839,-0.0171839,3.813952
0.3125,0.5841626,0.5841626,-0.29375,-0.0024963915,-0.0024963915,3.813952
0.3125,0.5841626,0.5841626,-0.2790625,0.012191087,0.012191087,3.7823317
0.3125,0.5841626,0.5841626,-0.264375,0.026878595,0.026878595,3.6650393
0.3125,0.5841626,0.5841626,-0.2496875,0.041566104,0.041566104,3.5348752
0.3125,0.5841626,0.5841626,-0.235,0.056253597,0.056253597,3.3535435
0.3125,0.5841626,0.5841626,-0.2203125,0.07094109,0.07094109,3.1089475
0.3125,0.5841626,0.5841626,-0.205625,0.0856286,0.0856286,2.7766185
0.3125,0.5841626,0.5841626,-0.19093749,0.10031611,0.10031611,2.476517
0.3125,0.5841626,0.5841626,-0.17625001,0.115003586,0.115003586,2.230402
0.3125,0.5841626,0.5841626,-0.1615625,0.1296911,0.1296911,2.032933
0.3125,0.5841626,0.5841626,-0.146875,0.1443786,0.1443786,1.8880738
0.3125,0.5841626,0.5841626,-0.13218749,0.15906611,0.15906611,1.8022014
0.3125,0.5841626,0.5841626,-0.11750001,0.17375359,0.17375359,1.7710431
0.3125,0.5841626,0.5841626,-0.1028125,0.1884411,0.1884411,1.7716618
0.3125,0.5841626,0.5841626,-0.08812499,0.2031286,0.2031286,1.8051333
0.3125,0.5841626,0.5841626,-0.07343751,0.21781608,0.21781608,1.8698926
0.3125,0.5841626,0.5841626,-0.058750004,0.2325036,0.2325036,1.9315624
0.3125,0.5841626,0.5841626,-0.044062495,0.2471911,0.2471911,1.9703045
0.3125,0.5841626,0.5841626,-0.029374987,0.2618786,0.2618786,1.9758768
0.3125,0.5841626,0.5841626,-0.014687508,0.2765661,0.2765661,2.0064104
0.3125,0.5841626,0.5841626,0.0,0.2912536,0.2912536,2.0364618
0.3125,0.5841626,0.5841626,0.014687508,0.3059411,0.3059411,2.0631595
0.3125,0.5841626,0.5841626,0.029374987,0.32062858,0.32062858,2.0921264
0.3125,0.5841626,0.5841626,0.044062525,0.33531612,0.33531612,2.079433
0.3125,0.5841626,0.5841626,0.058750004,0.3500036,0.3500036,2.104918
0.3125,0.5841626,0.5841626,0.07343748,0.36469108,0.36469108,2.1190348
0.3125,0.5841626,0.5841626,0.08812502,0.37937862,0.37937862,2.1179993
0.3125,0.5841626,0.5841626,0.1028125,0.3940661,0.3940661,2.1065545
0.3125,0.5841626,0.5841626,0.11749998,0.40875357,0.40875357,2.0987098
0.3125,0.5841626,0.5841626,0.13218752,0.4234411,0.4234411,2.0909789
0.3125,0.5841626,0.5841626,0.146875,0.4381286,0.4381286,2.081719
0.3125,0.5841626,0.5841626,0.16156247,0.45281607,0.45281607,2.0662909
0.3125,0.5841626,0.5841626,0.17625001,0.4675036,0.4675036,1.8236146
0.3125,0.5841626,0.5841626,0.19093749,0.4821911,0.4821911,1.9251461
0.3125,0.5841626,0.5841626,0.20562503,0.49687862,0.49687862,2.0077674
0.3125,0.5841626,0.5841626,0.2203125,0.5115661,0.5115661,2.0512228
0.3125,0.5841626,0.5841626,0.23499998,0.5262536,0.5262536,2.250973
0.3125,0.5841626,0.5841626,0.24968752,0.5409411,0.5409411,1.9590185
0.3125,0.5841626,0.5841626,0.264375,0.5556286,0.5556286,2.00099
0.3125,0.5841626,0.5841626,0.27906248,0.5703161,0.5703161,1.8263385
0.3125,0.5841626,0.5841626,0.29375002,0.5850036,0.5850036,1.9052641
0.3125,0.5841626,0.5841626,0.3084375,0.5996911,0.5996911,1.9729955
0.3125,0.5841626,0.5841626,0.32312497,0.6143786,0.6143786,1.9700403
0.3125,0.5841626,0.5841626,0.3378125,0.6290661,0.6290661,1.9464115
0.3125,0.5841626,0.5841626,0.3525,0.6437536,0.6437536,1.8982767
0.3125,0.5841626,0.5841626,0.36718747,0.65844107,0.65844107,1.8541093
0.3125,0.5841626,0.5841626,0.381875,0.6731286,0.6731286,1.8153818
0.3125,0.5841626,0.5841626,0.3965625,0.6878161,0.6878161,1.7670276
0.3125,0.5841626,0.5841626,0.41125003,0.7025036,0.7025036,1.717007
0.3125,0.5841626,0.5841626,0.4259375,0.7171911,0.7171911,1.6959045
0.3125,0.5841626,0.5841626,0.44062498,0.7318786,0.7318786,1.6837887
0.3125,0.5841626,0.5841626,0.45531252,0.7465661,0.7465661,1.6745529
0.3125,0.5841626,0.5841626,0.47,0.7612536,0.7612536,1.6955435
0.375,0.6466626,0.6466626,-0.47,-0.1787464,-0.1787464,4.2484217
0.375,0.6466626,0.6466626,-0.4553125,-0.1640589,-0.1640589,4.2484217
0.375,0.6466626,0.6466626,-0.440625,-0.14937142,-0.14937142,4.2484217
0.375,0.6466626,0.6466626,-0.4259375,-0.1346839,-0.1346839,4.2484217
0.375,0.6466626,0.6466626,-0.41125,-0.1199964,-0.1199964,4.2484217
0.375,0.6466626,0.6466626,-0.39656252,-0.10530892,-0.10530892,4.2484217
0.375,0.6466626,0.6466626,-0.381875,-0.09062141,-0.09062141,4.2484217
0.375,0.6466626,0.6466626,-0.3671875,-0.0759339,-0.0759339,4.2484217
0.375,0.6466626,0.6466626,-0.3525,-0.061246395,-0.061246395,4.2484217
0.375,0.6466626,0.6466626,-0.33781248,-0.046558887,-0.046558887,4.2484217
0.375,0.6466626,0.6466626,-0.323125,-0.03187141,-0.03187141,4.2484217
0.375,0.6466626,0.6466626,-0.3084375,-0.0171839,-0.0171839,4.2484217
0.375,0.6466626,0.6466626,-0.29375,-0.0024963915,-0.0024963915,4.2484217
0.375,0.6466626,0.6466626,-0.2790625,0.012191087,0.012191087,4.211014
0.375,0.6466626,0.6466626,-0.264375,0.026878595,0.026878595,4.1401296
0.375,0.6466626,0.6466626,-0.2496875,0.041566104,0.041566104,4.108497
0.375,0.6466626,0.6466626,-0.235,0.056253597,0.056253597,4.059747
0.375,0.6466626,0.6466626,-0.2203125,0.07094109,0.07094109,3.9497
0.375,0.6466626,0.6466626,-0.205625,0.0856286,0.0856286,3.6829572
0.375,0.6466626,0.6466626,-0.19093749,0.10031611,0.10031611,3.2803335
0.375,0.6466626,0.6466626,-0.17625001,0.115003586,0.115003586,2.7316833
0.375,0.6466626,0.6466626,-0.1615625,0.1296911,0.1296911,2.2796707
0.375,0.6466626,0.6466626,-0.146875,0.1443786,0.1443786,1.9971353
0.375,0.6466626,0.6466626,-0.13218749,0.15906611,0.15906611,1.8511437
0.375,0.6466626,0.6466626,-0.11750001,0.17375359,0.17375359,1.8334324
0.375,0.6466626,0.6466626,-0.1028125,0.1884411,0.1884411,1.8914005
0.375,0.6466626,0.6466626,-0.08812499,0.2031286,0.2031286,2.026029
0.375,0.6466626,0.6466626,-0.07343751,0.21781608,0.21781608,2.1710684
0.375,0.6466626,0.6466626,-0.058750004,0.2325036,0.2325036,2.347935
0.375,0.6466626,0.6466626,-0.044062495,0.2471911,0.2471911,2.5061104
0.375,0.6466626,0.6466626,-0.029374987,0.2618786,0.2618786,2.6603267
0.375,0.6466626,0.6466626,-0.014687508,0.2765661,0.2765661,2.7345262
0.375,0.6466626,0.6466626,0.0,0.2912536,0.2912536,2.7739897
0.375,0.6466626,0.6466626,0.014687508,0.3059411,0.3059411,2.8252046
0.375,0.6466626,0.6466626,0.029374987,0.32062858,0.32062858,2.8714738
0.375,0.6466626,0.6466626,0.044062525,0.33531612,0.33531612,2.936194
0.375,0.6466626,0.6466626,0.058750004,0.3500036,0.3500036,2.9717135
0.375,0.6466626,0.6466626,0.07343748,0.36469108,0.36469108,3.0156875
0.375,0.6466626,0.6466626,0.08812502,0.37937862,0.37937862,3.028649
0.375,0.6466626,0.6466626,0.1028125,0.3940661,0.3940661,3.0391827
0.375,0.6466626,0.6466626,0.11749998,0.40875357,0.40875357,3.0641668
0.375,0.6466626,0.6466626,0.13218752,0.4234411,0.4234411,3.0814414
0.375,0.6466626,0.6466626,0.146875,0.4381286,0.4381286,3.0799286
0.375,0.6466626,0.6466626,0.16156247,0.45281607,0.45281607,3.0055373
0.375,0.6466626,0.6466626,0.17625001,0.4675036,0.4675036,2.953357
0.375,0.6466626,0.6466626,0.19093749,0.4821911,0.4821911,3.1126084
0.375,0.6466626,0.6466626,0.20562503,0.49687862,0.49687862,3.0745356
0.375,0.6466626,0.6466626,0.2203125,0.5115661,0.5115661,3.1805754
0.375,0.6466626,0.6466626,0.23499998,0.5262536,0.5262536,3.1714823
0.375,0.6466626,0.6466626,0.24968752,0.5409411,0.5409411,3.0740435
0.375,0.6466626,0.6466626,0.264375,0.5556286,0.5556286,3.0474758
0.375,0.6466626,0.6466626,0.27906248,0.5703161,0.5703161,2.9102502
0.375,0.6466626,0.6466626,0.29375002,0.5850036,0.5850036,2.9191225
0.375,0.6466626,0.6466626,0.3084375,0.5996911,0.5996911,2.9336267
0.375,0.6466626,0.6466626,0.32312497,0.6143786,0.6143786,2.9082515
0.375,0.6466626,0.6466626,0.3378125,0.6290661,0.6290661,2.8891912
0.375,0.6466626,0.6466626,0.3525,0.6437536,0.6437536,2.8447657
0.375,0.6466626,0.6466626,0.36718747,0.65844107,0.65844107,2.7116215
0.375,0.6466626,0.6466626,0.381875,0.6731286,0.6731286,2.5989296
0.375,0.6466626,0.6466626,0.3965625,0.6878161,0.6878161,2.4639494
0.375,0.6466626,0.6466626,0.41125003,0.7025036,0.7025036,2.3097727
0.375,0.6466626,0.6466626,0.4259375,0.7171911,0.7171911,2.1576984
0.375,0.6466626,0.6466626,0.44062498,0.7318786,0.7318786,2.0276408
0.375,0.6466626,0.6466626,0.45531252,0.7465661,0.7465661,1.9113053
0.375,0.6466626,0.6466626,0.47,0.7612536,0.7612536,1.8058747
0.4375,0.7091626,0.7091626,-0.47,-0.1787464,-0.1787464,4.5123463
0.4375,0.7091626,0.7091626,-0.4553125,-0.1640589,-0.1640589,4.5123463
0.4375,0.7091626,0.7091626,-0.440625,-0.14937142,-0.14937142,4.5123463
0.4375,0.7091626,0.7091626,-0.4259375,-0.1346839,-0.1346839,4.5123463
0.4375,0.7091626,0.7091626,-0.41125,-0.1199964,-0.1199964,4.5123463
0.4375,0.7091626,0.7091626,-0.39656252,-0.10530892,-0.10530892,4.5123463
0.4375,0.7091626,0.7091626,-0.381875,-0.09062141,-0.09062141,4.5123463
0.4375,0.7091626,0.7091626,-0.3671875,-0.0759339,-0.0759339,4.5123463
0.4375,0.7091626,0.7091626,-0.3525,-0.061246395,-0.061246395,4.5123463
0.4375,0.7091626,0.7091626,-0.33781248,-0.046558887,-0.046558887,4.5123463
0.4375,0.7091626,0.7091626,-0.323125,-0.03187141,-0.03187141,4.5123463
0.4375,0.7091626,0.7091626,-0.3084375,-0.0171839,-0.0171839,4.5123463
0.4375,0.7091626,0.7091626,-0.29375,-0.0024963915,-0.0024963915,4.5123463
0.4375,0.7091626,0.7091626,-0.2790625,0.012191087,0.012191087,4.4651833
0.4375,0.7091626,0.7091626,-0.264375,0.026878595,0.026878595,4.386564
0.4375,0.7091626,0.7091626,-0.2496875,0.041566104,0.041566104,4.391334
0.4375,0.7091626,0.7091626,-0.235,0.056253597,0.056253597,4.3573365
0.4375,0.7091626,0.7091626,-0.2203125,0.07094109,0.07094109,4.2888093
0.4375,0.7091626,0.7091626,-0.205625,0.0856286,0.0856286,4.15742
0.4375,0.7091626,0.7091626,-0.19093749,0.10031611,0.10031611,3.7920232
0.4375,0.7091626,0.7091626,-0.17625001,0.115003586,0.115003586,3.2027235
0.4375,0.7091626,0.7091626,-0.1615625,0.1296911,0.1296911,2.4795995
0.4375,0.7091626,0.7091626,-0.146875,0.1443786,0.1443786,2.0401628
0.4375,0.7091626,0.7091626,-0.13218749,0.15906611,0.15906611,1.8781079
0.4375,0.7091626,0.7091626,-0.11750001,0.17375359,0.17375359,1.9227792
0.4375,0.7091626,0.7091626,-0.1028125,0.1884411,0.1884411,2.0702896
0.4375,0.7091626,0.7091626,-0.08812499,0.2031286,0.2031286,2.3188689
0.4375,0.7091626,0.7091626,-0.07343751,0.21781608,0.21781608,2.5768416
0.4375,0.7091626,0.7091626,-0.058750004,0.2325036,0.2325036,2.841288
0.4375,0.7091626,0.7091626,-0.044062495,0.2471911,0.2471911,3.1117005
0.4375,0.7091626,0.7091626,-0.029374987,0.2618786,0.2618786,3.30588
0.4375,0.7091626,0.7091626,-0.014687508,0.2765661,0.2765661,3.566161
0.4375,0.7091626,0.7091626,0.0,0.2912536,0.2912536,3.663867
0.4375,0.7091626,0.7091626,0.014687508,0.3059411,0.3059411,3.6914303
0.4375,0.7091626,0.7091626,0.029374987,0.32062858,0.32062858,3.7533214
0.4375,0.7091626,0.7091626,0.044062525,0.33531612,0.33531612,3.8608387
0.4375,0.7091626,0.7091626,0.058750004,0.3500036,0.3500036,3.8918629
0.4375,0.7091626,0.7091626,0.07343748,0.36469108,0.36469108,3.9298398
0.4375,0.7091626,0.7091626,0.08812502,0.37937862,0.37937862,3.9571028
0.4375,0.7091626,0.7091626,0.1028125,0.3940661,0.3940661,4.055577
0.4375,0.7091626,0.7091626,0.11749998,0.40875357,0.40875357,4.0940824
0.4375,0.7091626,0.7091626,0.13218752,0.4234411,0.4234411,4.0861125
0.4375,0.7091626,0.7091626,0.146875,0.4381286,0.4381286,4.1163254
0.4375,0.7091626,0.7091626,0.16156247,0.45281607,0.45281607,4.0538044
0.4375,0.7091626,0.7091626,0.17625001,0.4675036,0.4675036,4.1387033
0.4375,0.7091626,0.7091626,0.19093749,0.4821911,0.4821911,4.1719317
0.4375,0.7091626,0.7091626,0.20562503,0.49687862,0.49687862,4.1616454
0.4375,0.7091626,0.7091626,0.2203125,0.5115661,0.5115661,4.1469054
0.4375,0.7091626,0.7091626,0.23499998,0.5262536,0.5262536,4.157896
0.4375,0.7091626,0.7091626,0.24968752,0.5409411,0.5409411,4.121661
0.4375,0.7091626,0.7091626,0.264375,0.5556286,0.5556286,4.1241264
0.4375,0.7091626,0.7091626,0.27906248,0.5703161,0.5703161,3.9590921
0.4375,0.7091626,0.7091626,0.29375002,0.5850036,0.5850036,3.9998665
0.4375,0.7091626,0.7091626,0.3084375,0.5996911,0.5996911,3.9783459
0.4375,0.7091626,0.7091626,0.32312497,0.6143786,0.6143786,3.924444
0.4375,0.7091626,0.7091626,0.3378125,0.6290661,0.6290661,3.850385
0.4375,0.7091626,0.7091626,0.3525,0.6437536,0.6437536,3.8352458
0.4375,0.7091626,0.7091626,0.36718747,0.65844107,0.65844107,3.7388816
0.4375,0.7091626,0.7091626,0.381875,0.6731286,0.6731286,3.5760832
0.4375,0.7091626,0.7091626,0.3965625,0.6878161,0.6878161,3.3810444
0.4375,0.7091626,0.7091626,0.41125003,0.7025036,0.7025036,3.1444387
0.4375,0.7091626,0.7091626,0.4259375,0.7171911,0.7171911,2.932474
0.4375,0.7091626,0.7091626,0.44062498,0.7318786,0.7318786,2.695859
0.4375,0.7091626,0.7091626,0.45531252,0.7465661,0.7465661,2.4800878
0.4375,0.7091626,0.7091626,0.47,0.7612536,0.7612536,2.249836
0.5,0.7716626,0.7716626,-0.47,-0.1787464,-0.1787464,4.732748
0.5,0.7716626,0.7716626,-0.4553125,-0.1640589,-0.1640589,4.732748
0.5,0.7716626,0.7716626,-0.440625,-0.14937142,-0.14937142,4.732748
0.5,0.7716626,0.7716626,-0.4259375,-0.1346839,-0.1346839,4.732748
0.5,0.7716626,0.7716626,-0.41125,-0.1199964,-0.1199964,4.732748
0.5,0.7716626,0.7716626,-0.39656252,-0.10530892,-0.10530892,4.732748
0.5,0.7716626,0.7716626,-0.381875,-0.09062141,-0.09062141,4.732748
0.5,0.7716626,0.7716626,-0.3671875,-0.0759339,-0.0759339,4.732748
0.5,0.7716626,0.7716626,-0.3525,-0.061246395,-0.061246395,4.732748
0.5,0.7716626,0.7716626,-0.33781248,-0.046558887,-0.046558887,4.732748
0.5,0.7716626,0.7716626,-0.323125,-0.03187141,-0.03187141,4.732748
0.5,0.7716626,0.7716626,-0.3084375,-0.0171839,-0.0171839,4.732748
0.5,0.7716626,0.7716626,-0.29375,-0.0024963915,-0.0024963915,4.732748
0.5,0.7716626,0.7716626,-0.2790625,0.012191087,0.012191087,4.6753855
0.5,0.7716626,0.7716626,-0.264375,0.026878595,0.026878595,4.5667152
0.5,0.7716626,0.7716626,-0.2496875,0.041566104,0.041566104,4.5655932
0.5,0.7716626,0.7716626,-0.235,0.056253597,0.056253597,4.5628376
0.5,0.7716626,0.7716626,-0.2203125,0.07094109,0.07094109,4.495343
0.5,0.7716626,0.7716626,-0.205625,0.0856286,0.0856286,4.3596487
0.5,0.7716626,0.7716626,-0.19093749,0.10031611,0.10031611,4.0839376
0.5,0.7716626,0.7716626,-0.17625001,0.115003586,0.115003586,3.4454503
0.5,0.7716626,0.7716626,-0.1615625,0.1296911,0.1296911,2.545131
0.5,0.7716626,0.7716626,-0.146875,0.1443786,0.1443786,2.0383875
0.5,0.7716626,0.7716626,-0.13218749,0.15906611,0.15906611,1.9252046
0.5,0.7716626,0.7716626,-0.11750001,0.17375359,0.17375359,2.0830696
0.5,0.7716626,0.7716626,-0.1028125,0.1884411,0.1884411,2.3794024
0.5,0.7716626,0.7716626,-0.08812499,0.2031286,0.2031286,2.7092595
0.5,0.7716626,0.7716626,-0.07343751,0.21781608,0.21781608,3.0632093
0.5,0.7716626,0.7716626,-0.058750004,0.2325036,0.2325036,3.3905947
0.5,0.7716626,0.7716626,-0.044062495,0.2471911,0.2471911,3.7354703
0.5,0.7716626,0.7716626,-0.029374987,0.2618786,0.2618786,4.018988
0.5,0.7716626,0.7716626,-0.014687508,0.2765661,0.2765661,4.285758
0.5,0.7716626,0.7716626,0.0,0.2912536,0.2912536,4.552045
0.5,0.7716626,0.7716626,0.014687508,0.3059411,0.3059411,4.5980406
0.5,0.7716626,0.7716626,0.029374987,0.32062858,0.32062858,4.6818914
0.5,0.7716626,0.7716626,0.044062525,0.33531612,0.33531612,4.782244
0.5,0.7716626,0.7716626,0.058750004,0.3500036,0.3500036,4.8060327
0.5,0.7716626,0.7716626,0.07343748,0.36469108,0.36469108,4.8902693
0.5,0.7716626,0.7716626,0.08812502,0.37937862,0.37937862,4.909107
0.5,0.7716626,0.7716626,0.1028125,0.3940661,0.3940661,5.016368
0.5,0.7716626,0.7716626,0.11749998,0.40875357,0.40875357,5.008543
0.5,0.7716626,0.7716626,0.13218752,0.4234411,0.4234411,5.1082263
0.5,0.7716626,0.7716626,0.146875,0.4381286,0.4381286,5.0656385
0.5,0.7716626,0.7716626,0.16156247,0.45281607,0.45281607,5.1040387
0.5,0.7716626,0.7716626,0.17625001,0.4675036,0.4675036,5.151407
0.5,0.7716626,0.7716626,0.19093749,0.4821911,0.4821911,5.1759105
0.5,0.7716626,0.7716626,0.20562503,0.49687862,0.49687862,5.1463513
0.5,0.7716626,0.7716626,0.2203125,0.5115661,0.5115661,5.103298
0.5,0.7716626,0.7716626,0.23499998,0.5262536,0.5262536,5.1608477
0.5,0.7716626,0.7716626,0.24968752,0.5409411,0.5409411,5.114894
0.5,0.7716626,0.7716626,0.264375,0.5556286,0.5556286,5.1367116
0.5,0.7716626,0.7716626,0.27906248,0.5703161,0.5703161,4.999272
0.5,0.7716626,0.7716626,0.29375002,0.5850036,0.5850036,4.986551
0.5,0.7716626,0.7716626,0.3084375,0.5996911,0.5996911,4.996528
0.5,0.7716626,0.7716626,0.32312497,0.6143786,0.6143786,4.8845477
0.5,0.7716626,0.7716626,0.3378125,0.6290661,0.6290661,4.886848
0.5,0.7716626,0.7716626,0.3525,0.6437536,0.6437536,4.7697306
0.5,0.7716626,0.7716626,0.36718747,0.65844107,0.65844107,4.6913915
0.5,0.7716626,0.7716626,0.381875,0.6731286,0.6731286,4.6000853
0.5,0.7716626,0.7716626,0.3965625,0.6878161,0.6878161,4.3757167
0.5,0.7716626,0.7716626,0.41125003,0.7025036,0.7025036,4.1008353
0.5,0.7716626,0.7716626,0.4259375,0.7171911,0.7171911,3.8307514
0.5,0.7716626,0.7716626,0.44062498,0.7318786,0.7318786,3.5066211
0.5,0.7716626,0.7716626,0.45531252,0.7465661,0.7465661,3.227568
0.5,0.7716626,0.7716626,0.47,0.7612536,0.7612536,2.9072566
